SET search_path TO SEGURO_GXX;

-- 1. PAIS
INSERT INTO PAIS (cod_pais, nb_pais) VALUES ('VE', 'Venezuela');

-- 2. CIUDAD
INSERT INTO CIUDAD (cod_ciudad, nb_ciudad, cod_pais) VALUES ('CCS', 'Caracas', 'VE');
INSERT INTO CIUDAD (cod_ciudad, nb_ciudad, cod_pais) VALUES ('MAR', 'Maracaibo', 'VE');
INSERT INTO CIUDAD (cod_ciudad, nb_ciudad, cod_pais) VALUES ('VAL', 'Valencia', 'VE');
INSERT INTO CIUDAD (cod_ciudad, nb_ciudad, cod_pais) VALUES ('BQT', 'Barquisimeto', 'VE');

-- 3. SUCURSAL
INSERT INTO SUCURSAL (cod_sucursal, nb_sucursal, cod_ciudad) VALUES ('SUC01', 'Sucursal Caracas', 'CCS');
INSERT INTO SUCURSAL (cod_sucursal, nb_sucursal, cod_ciudad) VALUES ('SUC02', 'Sucursal Zulia', 'MAR');
INSERT INTO SUCURSAL (cod_sucursal, nb_sucursal, cod_ciudad) VALUES ('SUC03', 'Sucursal Carabobo', 'VAL');

-- 4. TIPO_PRODUCTO
INSERT INTO TIPO_PRODUCTO (cod_tipo_producto, nb_tipo_producto) VALUES ('TP01', 'Personales');
INSERT INTO TIPO_PRODUCTO (cod_tipo_producto, nb_tipo_producto) VALUES ('TP02', 'Danos');
INSERT INTO TIPO_PRODUCTO (cod_tipo_producto, nb_tipo_producto) VALUES ('TP03', 'Patrimonial');

-- 5. PRODUCTO
INSERT INTO PRODUCTO (cod_producto, nb_producto, descripcion, cod_tipo_producto, calificacion) VALUES ('P01', 'Automovil', 'Seguro basico de vehiculos', 'TP02', 4);
INSERT INTO PRODUCTO (cod_producto, nb_producto, descripcion, cod_tipo_producto, calificacion) VALUES ('P02', 'Salud', 'Cobertura medica amplia', 'TP01', 5);
INSERT INTO PRODUCTO (cod_producto, nb_producto, descripcion, cod_tipo_producto, calificacion) VALUES ('P03', 'Incendios', 'Proteccion contra incendios a locales', 'TP03', 3);
INSERT INTO PRODUCTO (cod_producto, nb_producto, descripcion, cod_tipo_producto, calificacion) VALUES ('P04', 'Vida', 'Poliza de vida a termino', 'TP01', 4);

-- 6. CLIENTE
INSERT INTO CLIENTE (cod_cliente, nb_cliente, ci_rif, telefono, direccion, sexo, email, cod_sucursal) VALUES ('C001', 'Julieta Salvador Guitart', 'V-28135497', '0426-4481459', 'Av. Bolivar, Caracas', 'F', 'brunildabernad@example.net', 'SUC03');
INSERT INTO CLIENTE (cod_cliente, nb_cliente, ci_rif, telefono, direccion, sexo, email, cod_sucursal) VALUES ('C002', 'Custodio Peñalver', 'V-17529857', '0416-2580349', 'Av. Las Delicias, Maracay', 'F', 'yalbero@example.org', 'SUC03');
INSERT INTO CLIENTE (cod_cliente, nb_cliente, ci_rif, telefono, direccion, sexo, email, cod_sucursal) VALUES ('C003', 'Charo Trillo', 'V-30382089', '0416-6180192', 'Av. Lara, Barquisimeto', 'M', 'nogueraafrica@example.net', 'SUC03');
INSERT INTO CLIENTE (cod_cliente, nb_cliente, ci_rif, telefono, direccion, sexo, email, cod_sucursal) VALUES ('C004', 'Celia Ayuso-Tomas', 'V-13103509', '0412-8568078', 'Av. Bolivar, Caracas', 'F', 'oordonez@example.org', 'SUC02');
INSERT INTO CLIENTE (cod_cliente, nb_cliente, ci_rif, telefono, direccion, sexo, email, cod_sucursal) VALUES ('C005', 'Blas Calvo Valls', 'V-7113812', '0212-9884168', 'Av. Las Delicias, Maracay', 'M', 'cpont@example.com', 'SUC03');
INSERT INTO CLIENTE (cod_cliente, nb_cliente, ci_rif, telefono, direccion, sexo, email, cod_sucursal) VALUES ('C006', 'Joel Rocha Jaume', 'V-13239327', '0424-3937299', 'Av. Bolivar, Caracas', 'M', 'rouraflor@example.net', 'SUC02');
INSERT INTO CLIENTE (cod_cliente, nb_cliente, ci_rif, telefono, direccion, sexo, email, cod_sucursal) VALUES ('C007', 'Purificación de Bermudez', 'V-21222114', '0412-1243880', 'Av. Lara, Barquisimeto', 'M', 'qochoa@example.net', 'SUC02');
INSERT INTO CLIENTE (cod_cliente, nb_cliente, ci_rif, telefono, direccion, sexo, email, cod_sucursal) VALUES ('C008', 'Elvira Fuertes Tudela', 'V-14532674', '0416-5248857', 'Urb. El Trigal, Valencia', 'M', 'odomenech@example.net', 'SUC03');
INSERT INTO CLIENTE (cod_cliente, nb_cliente, ci_rif, telefono, direccion, sexo, email, cod_sucursal) VALUES ('C009', 'Evaristo Cortes-Llorens', 'V-20527400', '0416-1514771', 'Av. Bolivar, Caracas', 'M', 'canalsalejandro@example.com', 'SUC03');
INSERT INTO CLIENTE (cod_cliente, nb_cliente, ci_rif, telefono, direccion, sexo, email, cod_sucursal) VALUES ('C010', 'Concha Barbero Camps', 'V-15405599', '0212-9699888', 'Av. Lara, Barquisimeto', 'M', 'penassilvia@example.net', 'SUC03');
INSERT INTO CLIENTE (cod_cliente, nb_cliente, ci_rif, telefono, direccion, sexo, email, cod_sucursal) VALUES ('C011', 'Anastasio Merino Albero', 'V-13369577', '0416-7209673', 'Av. Lara, Barquisimeto', 'M', 'qinfante@example.com', 'SUC03');
INSERT INTO CLIENTE (cod_cliente, nb_cliente, ci_rif, telefono, direccion, sexo, email, cod_sucursal) VALUES ('C012', 'Encarnacion Pozo Serna', 'V-13773908', '0412-1083332', 'Av. Las Delicias, Maracay', 'M', 'iazorin@example.com', 'SUC03');
INSERT INTO CLIENTE (cod_cliente, nb_cliente, ci_rif, telefono, direccion, sexo, email, cod_sucursal) VALUES ('C013', 'Eloísa Villalonga Jimenez', 'V-24930265', '0416-8570981', 'Calle 72, Maracaibo', 'F', 'carolina63@example.net', 'SUC01');
INSERT INTO CLIENTE (cod_cliente, nb_cliente, ci_rif, telefono, direccion, sexo, email, cod_sucursal) VALUES ('C014', 'Aurelio Jerez Acuña', 'V-21079068', '0212-8916095', 'Av. Las Delicias, Maracay', 'F', 'angelino91@example.net', 'SUC03');
INSERT INTO CLIENTE (cod_cliente, nb_cliente, ci_rif, telefono, direccion, sexo, email, cod_sucursal) VALUES ('C015', 'Mayte Alcalá Cano', 'V-6022540', '0212-6741539', 'Av. Lara, Barquisimeto', 'M', 'anselmopulido@example.org', 'SUC02');
INSERT INTO CLIENTE (cod_cliente, nb_cliente, ci_rif, telefono, direccion, sexo, email, cod_sucursal) VALUES ('C016', 'Joel de Carlos', 'V-13546084', '0426-6653133', 'Av. Francisco de Miranda, Caracas', 'M', 'rosendavicens@example.org', 'SUC01');
INSERT INTO CLIENTE (cod_cliente, nb_cliente, ci_rif, telefono, direccion, sexo, email, cod_sucursal) VALUES ('C017', 'América María Del Carmen Asenjo Mena', 'V-10370223', '0424-8824065', 'Av. Francisco de Miranda, Caracas', 'M', 'wgarcia@example.org', 'SUC03');
INSERT INTO CLIENTE (cod_cliente, nb_cliente, ci_rif, telefono, direccion, sexo, email, cod_sucursal) VALUES ('C018', 'Pelayo Montesinos Carrión', 'V-16188348', '0412-7798417', 'Av. Lara, Barquisimeto', 'F', 'fabianmalo@example.org', 'SUC03');
INSERT INTO CLIENTE (cod_cliente, nb_cliente, ci_rif, telefono, direccion, sexo, email, cod_sucursal) VALUES ('C019', 'Reyna de Olmo', 'V-6938599', '0414-8486562', 'Av. Lara, Barquisimeto', 'F', 'victor-manuelballester@example.org', 'SUC01');
INSERT INTO CLIENTE (cod_cliente, nb_cliente, ci_rif, telefono, direccion, sexo, email, cod_sucursal) VALUES ('C020', 'Aránzazu Tecla Benavent Valenciano', 'V-9906490', '0424-2602034', 'Urb. El Trigal, Valencia', 'F', 'samperabigail@example.net', 'SUC03');
INSERT INTO CLIENTE (cod_cliente, nb_cliente, ci_rif, telefono, direccion, sexo, email, cod_sucursal) VALUES ('C021', 'Gertrudis Cerezo Castrillo', 'V-11122385', '0412-5777737', 'Av. Las Delicias, Maracay', 'F', 'noa10@example.com', 'SUC03');
INSERT INTO CLIENTE (cod_cliente, nb_cliente, ci_rif, telefono, direccion, sexo, email, cod_sucursal) VALUES ('C022', 'Alejandro Quique Villalonga Torrents', 'V-7428625', '0414-2733066', 'Av. Las Delicias, Maracay', 'F', 'miguelpallares@example.com', 'SUC03');
INSERT INTO CLIENTE (cod_cliente, nb_cliente, ci_rif, telefono, direccion, sexo, email, cod_sucursal) VALUES ('C023', 'Evelia Morell Tello', 'V-15181084', '0426-1299110', 'Calle 72, Maracaibo', 'M', 'florina08@example.com', 'SUC03');
INSERT INTO CLIENTE (cod_cliente, nb_cliente, ci_rif, telefono, direccion, sexo, email, cod_sucursal) VALUES ('C024', 'Óscar Sarabia Moles', 'V-13324609', '0424-1545943', 'Av. Las Delicias, Maracay', 'F', 'debora09@example.com', 'SUC01');
INSERT INTO CLIENTE (cod_cliente, nb_cliente, ci_rif, telefono, direccion, sexo, email, cod_sucursal) VALUES ('C025', 'Jose Carlos Oliveras Aparicio', 'V-24627562', '0412-4792994', 'Calle 72, Maracaibo', 'F', 'namor@example.net', 'SUC03');
INSERT INTO CLIENTE (cod_cliente, nb_cliente, ci_rif, telefono, direccion, sexo, email, cod_sucursal) VALUES ('C026', 'Imelda Velasco Araujo', 'V-12654038', '0416-3264628', 'Av. Las Delicias, Maracay', 'M', 'mataantonio@example.net', 'SUC01');
INSERT INTO CLIENTE (cod_cliente, nb_cliente, ci_rif, telefono, direccion, sexo, email, cod_sucursal) VALUES ('C027', 'Nicanor Jurado Arranz', 'V-24102677', '0412-2095039', 'Urb. El Trigal, Valencia', 'M', 'ggarmendia@example.com', 'SUC03');
INSERT INTO CLIENTE (cod_cliente, nb_cliente, ci_rif, telefono, direccion, sexo, email, cod_sucursal) VALUES ('C028', 'Amaro del Mir', 'V-5403458', '0416-8972304', 'Av. Lara, Barquisimeto', 'M', 'adelaida33@example.net', 'SUC02');
INSERT INTO CLIENTE (cod_cliente, nb_cliente, ci_rif, telefono, direccion, sexo, email, cod_sucursal) VALUES ('C029', 'Guadalupe Jaume Delgado', 'V-12372868', '0212-6973456', 'Urb. El Trigal, Valencia', 'F', 'contreraspaulino@example.org', 'SUC01');
INSERT INTO CLIENTE (cod_cliente, nb_cliente, ci_rif, telefono, direccion, sexo, email, cod_sucursal) VALUES ('C030', 'Adelina Marianela Rivas Pazos', 'V-23449745', '0424-4601356', 'Av. Bolivar, Caracas', 'M', 'fernandalamas@example.com', 'SUC02');
INSERT INTO CLIENTE (cod_cliente, nb_cliente, ci_rif, telefono, direccion, sexo, email, cod_sucursal) VALUES ('C031', 'Feliciano Durán Acevedo', 'V-14159707', '0212-5739969', 'Urb. El Trigal, Valencia', 'F', 'feliciaferrer@example.net', 'SUC01');
INSERT INTO CLIENTE (cod_cliente, nb_cliente, ci_rif, telefono, direccion, sexo, email, cod_sucursal) VALUES ('C032', 'Pánfilo Santamaria Camps', 'V-6421549', '0424-6825562', 'Calle 72, Maracaibo', 'M', 'aparra@example.net', 'SUC01');
INSERT INTO CLIENTE (cod_cliente, nb_cliente, ci_rif, telefono, direccion, sexo, email, cod_sucursal) VALUES ('C033', 'Tadeo Blanca Tamayo', 'V-20202941', '0416-1345536', 'Urb. El Trigal, Valencia', 'M', 'jpazos@example.com', 'SUC01');
INSERT INTO CLIENTE (cod_cliente, nb_cliente, ci_rif, telefono, direccion, sexo, email, cod_sucursal) VALUES ('C034', 'Sandra Nogueira Alegria', 'V-30391769', '0414-6002332', 'Av. Las Delicias, Maracay', 'M', 'lbenitez@example.net', 'SUC02');
INSERT INTO CLIENTE (cod_cliente, nb_cliente, ci_rif, telefono, direccion, sexo, email, cod_sucursal) VALUES ('C035', 'Olalla Nuria Torrecilla Sarmiento', 'V-17330881', '0212-5398196', 'Av. Francisco de Miranda, Caracas', 'M', 'cbaquero@example.org', 'SUC02');
INSERT INTO CLIENTE (cod_cliente, nb_cliente, ci_rif, telefono, direccion, sexo, email, cod_sucursal) VALUES ('C036', 'Tristán de Giménez', 'V-8683351', '0212-9326711', 'Av. Francisco de Miranda, Caracas', 'F', 'toribio16@example.com', 'SUC03');
INSERT INTO CLIENTE (cod_cliente, nb_cliente, ci_rif, telefono, direccion, sexo, email, cod_sucursal) VALUES ('C037', 'Isabel de Guerra', 'V-18656910', '0414-9974880', 'Av. Francisco de Miranda, Caracas', 'F', 'climaco08@example.com', 'SUC03');
INSERT INTO CLIENTE (cod_cliente, nb_cliente, ci_rif, telefono, direccion, sexo, email, cod_sucursal) VALUES ('C038', 'Eduardo Arjona Macías', 'V-9074877', '0426-4504808', 'Calle 72, Maracaibo', 'M', 'amorromeu@example.com', 'SUC01');
INSERT INTO CLIENTE (cod_cliente, nb_cliente, ci_rif, telefono, direccion, sexo, email, cod_sucursal) VALUES ('C039', 'Sebastián Sales Villaverde', 'V-16475718', '0424-8210369', 'Av. Las Delicias, Maracay', 'M', 'jerezvioleta@example.org', 'SUC03');
INSERT INTO CLIENTE (cod_cliente, nb_cliente, ci_rif, telefono, direccion, sexo, email, cod_sucursal) VALUES ('C040', 'Lucho Izaguirre Guzmán', 'V-22565515', '0212-2214431', 'Av. Francisco de Miranda, Caracas', 'M', 'saezjavier@example.org', 'SUC03');
INSERT INTO CLIENTE (cod_cliente, nb_cliente, ci_rif, telefono, direccion, sexo, email, cod_sucursal) VALUES ('C041', 'Andrés Otero Bastida', 'V-18924957', '0424-8520528', 'Av. Bolivar, Caracas', 'M', 'planasfrancisco-javier@example.org', 'SUC01');
INSERT INTO CLIENTE (cod_cliente, nb_cliente, ci_rif, telefono, direccion, sexo, email, cod_sucursal) VALUES ('C042', 'Eusebio Marcelino Quirós Valverde', 'V-12138142', '0424-3540472', 'Calle 72, Maracaibo', 'F', 'ines67@example.net', 'SUC02');
INSERT INTO CLIENTE (cod_cliente, nb_cliente, ci_rif, telefono, direccion, sexo, email, cod_sucursal) VALUES ('C043', 'Fito del Cabo', 'V-17143687', '0426-2488718', 'Calle 72, Maracaibo', 'F', 'vallejoleonor@example.net', 'SUC02');
INSERT INTO CLIENTE (cod_cliente, nb_cliente, ci_rif, telefono, direccion, sexo, email, cod_sucursal) VALUES ('C044', 'Juanita Gilabert Tomás', 'V-29475368', '0424-9890946', 'Av. Francisco de Miranda, Caracas', 'M', 'consuelotorre@example.com', 'SUC03');
INSERT INTO CLIENTE (cod_cliente, nb_cliente, ci_rif, telefono, direccion, sexo, email, cod_sucursal) VALUES ('C045', 'Julia Barberá', 'V-12403730', '0416-1828575', 'Av. Francisco de Miranda, Caracas', 'M', 'andrea85@example.com', 'SUC02');
INSERT INTO CLIENTE (cod_cliente, nb_cliente, ci_rif, telefono, direccion, sexo, email, cod_sucursal) VALUES ('C046', 'Marisela Ricart Busquets', 'V-9374620', '0212-3218007', 'Av. Bolivar, Caracas', 'F', 'priscila87@example.net', 'SUC03');
INSERT INTO CLIENTE (cod_cliente, nb_cliente, ci_rif, telefono, direccion, sexo, email, cod_sucursal) VALUES ('C047', 'Chelo Almudena Chico Gelabert', 'V-30175083', '0424-5095307', 'Urb. El Trigal, Valencia', 'F', 'fannyrivas@example.com', 'SUC01');
INSERT INTO CLIENTE (cod_cliente, nb_cliente, ci_rif, telefono, direccion, sexo, email, cod_sucursal) VALUES ('C048', 'Joaquín Casals Manso', 'V-27721131', '0426-6063603', 'Av. Bolivar, Caracas', 'M', 'anino@example.org', 'SUC02');
INSERT INTO CLIENTE (cod_cliente, nb_cliente, ci_rif, telefono, direccion, sexo, email, cod_sucursal) VALUES ('C049', 'Lola Maestre-Díaz', 'V-27995018', '0424-2572897', 'Urb. El Trigal, Valencia', 'M', 'mauracaparros@example.com', 'SUC03');
INSERT INTO CLIENTE (cod_cliente, nb_cliente, ci_rif, telefono, direccion, sexo, email, cod_sucursal) VALUES ('C050', 'Toribio Hernandez Mendizábal', 'V-29170633', '0416-5707096', 'Av. Las Delicias, Maracay', 'M', 'amoanna@example.com', 'SUC02');
INSERT INTO CLIENTE (cod_cliente, nb_cliente, ci_rif, telefono, direccion, sexo, email, cod_sucursal) VALUES ('C051', 'Samanta del Artigas', 'V-25377791', '0212-6869090', 'Av. Bolivar, Caracas', 'F', 'pontdesiderio@example.com', 'SUC02');
INSERT INTO CLIENTE (cod_cliente, nb_cliente, ci_rif, telefono, direccion, sexo, email, cod_sucursal) VALUES ('C052', 'Geraldo Hervia-Sala', 'V-12280214', '0212-9617509', 'Av. Lara, Barquisimeto', 'M', 'macaria47@example.net', 'SUC01');
INSERT INTO CLIENTE (cod_cliente, nb_cliente, ci_rif, telefono, direccion, sexo, email, cod_sucursal) VALUES ('C053', 'Eligia Crespo-Castell', 'V-10985720', '0416-4433124', 'Av. Francisco de Miranda, Caracas', 'M', 'egomis@example.net', 'SUC02');
INSERT INTO CLIENTE (cod_cliente, nb_cliente, ci_rif, telefono, direccion, sexo, email, cod_sucursal) VALUES ('C054', 'Sol Vidal Medina', 'V-10006995', '0424-1713089', 'Av. Francisco de Miranda, Caracas', 'M', 'ipuga@example.net', 'SUC02');
INSERT INTO CLIENTE (cod_cliente, nb_cliente, ci_rif, telefono, direccion, sexo, email, cod_sucursal) VALUES ('C055', 'Isabel de Novoa', 'V-30465524', '0426-2816315', 'Av. Lara, Barquisimeto', 'F', 'arcelia24@example.com', 'SUC02');
INSERT INTO CLIENTE (cod_cliente, nb_cliente, ci_rif, telefono, direccion, sexo, email, cod_sucursal) VALUES ('C056', 'Apolonia Otero Mur', 'V-25526637', '0412-7314947', 'Av. Bolivar, Caracas', 'F', 'josepfigueroa@example.org', 'SUC02');
INSERT INTO CLIENTE (cod_cliente, nb_cliente, ci_rif, telefono, direccion, sexo, email, cod_sucursal) VALUES ('C057', 'Manuela Valenciano-Calderon', 'V-6621699', '0414-5515869', 'Av. Francisco de Miranda, Caracas', 'M', 'barriorosa@example.com', 'SUC03');
INSERT INTO CLIENTE (cod_cliente, nb_cliente, ci_rif, telefono, direccion, sexo, email, cod_sucursal) VALUES ('C058', 'Darío Alcaraz Perea', 'V-27394581', '0414-1771359', 'Calle 72, Maracaibo', 'M', 'zmanrique@example.com', 'SUC03');
INSERT INTO CLIENTE (cod_cliente, nb_cliente, ci_rif, telefono, direccion, sexo, email, cod_sucursal) VALUES ('C059', 'Perlita Niño', 'V-20245421', '0426-1691969', 'Calle 72, Maracaibo', 'F', 'victor-manuelsalamanca@example.net', 'SUC01');
INSERT INTO CLIENTE (cod_cliente, nb_cliente, ci_rif, telefono, direccion, sexo, email, cod_sucursal) VALUES ('C060', 'Sigfrido Sevillano Font', 'V-27508859', '0426-4482754', 'Av. Lara, Barquisimeto', 'F', 'nuria64@example.com', 'SUC01');
INSERT INTO CLIENTE (cod_cliente, nb_cliente, ci_rif, telefono, direccion, sexo, email, cod_sucursal) VALUES ('C061', 'Calixto Giner', 'V-27475097', '0426-8830088', 'Calle 72, Maracaibo', 'F', 'bmarcos@example.com', 'SUC03');
INSERT INTO CLIENTE (cod_cliente, nb_cliente, ci_rif, telefono, direccion, sexo, email, cod_sucursal) VALUES ('C062', 'Sandalio del Ferreras', 'V-20784461', '0426-9681049', 'Av. Las Delicias, Maracay', 'F', 'pascualamontes@example.com', 'SUC01');
INSERT INTO CLIENTE (cod_cliente, nb_cliente, ci_rif, telefono, direccion, sexo, email, cod_sucursal) VALUES ('C063', 'Teo Mohamed Valentín Esteban', 'V-19650212', '0424-6521195', 'Av. Francisco de Miranda, Caracas', 'M', 'solahernando@example.net', 'SUC01');
INSERT INTO CLIENTE (cod_cliente, nb_cliente, ci_rif, telefono, direccion, sexo, email, cod_sucursal) VALUES ('C064', 'Tere Ayllón-Lladó', 'V-23751048', '0212-3876670', 'Urb. El Trigal, Valencia', 'M', 'jcodina@example.com', 'SUC01');
INSERT INTO CLIENTE (cod_cliente, nb_cliente, ci_rif, telefono, direccion, sexo, email, cod_sucursal) VALUES ('C065', 'Macaria Lozano Echevarría', 'V-17915875', '0212-2994516', 'Av. Francisco de Miranda, Caracas', 'M', 'fabiolaricart@example.net', 'SUC02');
INSERT INTO CLIENTE (cod_cliente, nb_cliente, ci_rif, telefono, direccion, sexo, email, cod_sucursal) VALUES ('C066', 'Jordi Arnaiz', 'V-11819760', '0212-4061412', 'Calle 72, Maracaibo', 'F', 'mblanca@example.org', 'SUC02');
INSERT INTO CLIENTE (cod_cliente, nb_cliente, ci_rif, telefono, direccion, sexo, email, cod_sucursal) VALUES ('C067', 'Patricia Sancho Company', 'V-29551996', '0426-6855263', 'Av. Las Delicias, Maracay', 'F', 'jmontero@example.com', 'SUC03');
INSERT INTO CLIENTE (cod_cliente, nb_cliente, ci_rif, telefono, direccion, sexo, email, cod_sucursal) VALUES ('C068', 'Porfirio Ros Dávila', 'V-13897039', '0412-3568817', 'Av. Lara, Barquisimeto', 'M', 'gabrielheredia@example.com', 'SUC01');
INSERT INTO CLIENTE (cod_cliente, nb_cliente, ci_rif, telefono, direccion, sexo, email, cod_sucursal) VALUES ('C069', 'Jose Carlos Urrutia Santamaría', 'V-14571055', '0424-7059892', 'Calle 72, Maracaibo', 'F', 'dmadrid@example.net', 'SUC03');
INSERT INTO CLIENTE (cod_cliente, nb_cliente, ci_rif, telefono, direccion, sexo, email, cod_sucursal) VALUES ('C070', 'Roxana Garcia Abascal', 'V-13251148', '0426-8409358', 'Av. Lara, Barquisimeto', 'M', 'bduarte@example.com', 'SUC01');
INSERT INTO CLIENTE (cod_cliente, nb_cliente, ci_rif, telefono, direccion, sexo, email, cod_sucursal) VALUES ('C071', 'Lucila Yáñez Azcona', 'V-25766659', '0212-2798535', 'Av. Bolivar, Caracas', 'F', 'tiburcio97@example.com', 'SUC01');
INSERT INTO CLIENTE (cod_cliente, nb_cliente, ci_rif, telefono, direccion, sexo, email, cod_sucursal) VALUES ('C072', 'Adelardo Palomino', 'V-21196141', '0426-3322446', 'Av. Bolivar, Caracas', 'M', 'rpomares@example.com', 'SUC02');
INSERT INTO CLIENTE (cod_cliente, nb_cliente, ci_rif, telefono, direccion, sexo, email, cod_sucursal) VALUES ('C073', 'Sofía Palau-Ruiz', 'V-23582957', '0426-3608300', 'Calle 72, Maracaibo', 'F', 'soleclemente@example.com', 'SUC01');
INSERT INTO CLIENTE (cod_cliente, nb_cliente, ci_rif, telefono, direccion, sexo, email, cod_sucursal) VALUES ('C074', 'Laura Aragón Torrens', 'V-8418622', '0426-4572378', 'Av. Bolivar, Caracas', 'M', 'suredacirino@example.org', 'SUC03');
INSERT INTO CLIENTE (cod_cliente, nb_cliente, ci_rif, telefono, direccion, sexo, email, cod_sucursal) VALUES ('C075', 'Pilar del Ros', 'V-11774070', '0416-7089065', 'Av. Francisco de Miranda, Caracas', 'M', 'valeria29@example.net', 'SUC03');
INSERT INTO CLIENTE (cod_cliente, nb_cliente, ci_rif, telefono, direccion, sexo, email, cod_sucursal) VALUES ('C076', 'Pancho de Lamas', 'V-28269732', '0426-6459008', 'Av. Lara, Barquisimeto', 'F', 'encarna83@example.net', 'SUC03');
INSERT INTO CLIENTE (cod_cliente, nb_cliente, ci_rif, telefono, direccion, sexo, email, cod_sucursal) VALUES ('C077', 'Ileana Chaparro-Vidal', 'V-25179183', '0212-1988098', 'Av. Bolivar, Caracas', 'F', 'nadiacanas@example.org', 'SUC01');
INSERT INTO CLIENTE (cod_cliente, nb_cliente, ci_rif, telefono, direccion, sexo, email, cod_sucursal) VALUES ('C078', 'Teófilo Pinilla Ayala', 'V-7200489', '0212-3993958', 'Urb. El Trigal, Valencia', 'M', 'cloecoronado@example.net', 'SUC01');
INSERT INTO CLIENTE (cod_cliente, nb_cliente, ci_rif, telefono, direccion, sexo, email, cod_sucursal) VALUES ('C079', 'Luisa Coloma Martínez', 'V-8928401', '0414-3361333', 'Av. Francisco de Miranda, Caracas', 'F', 'augustocalderon@example.net', 'SUC02');
INSERT INTO CLIENTE (cod_cliente, nb_cliente, ci_rif, telefono, direccion, sexo, email, cod_sucursal) VALUES ('C080', 'Nilda Domínguez Segarra', 'V-13468976', '0416-6136473', 'Urb. El Trigal, Valencia', 'M', 'nelida11@example.org', 'SUC02');
INSERT INTO CLIENTE (cod_cliente, nb_cliente, ci_rif, telefono, direccion, sexo, email, cod_sucursal) VALUES ('C081', 'Javier Tovar-Haro', 'V-12628592', '0412-3771998', 'Av. Las Delicias, Maracay', 'F', 'nuriablanes@example.net', 'SUC02');
INSERT INTO CLIENTE (cod_cliente, nb_cliente, ci_rif, telefono, direccion, sexo, email, cod_sucursal) VALUES ('C082', 'Flavia Acosta Barroso', 'V-25768596', '0416-5684516', 'Av. Lara, Barquisimeto', 'F', 'ursula27@example.org', 'SUC02');
INSERT INTO CLIENTE (cod_cliente, nb_cliente, ci_rif, telefono, direccion, sexo, email, cod_sucursal) VALUES ('C083', 'Jose Manuel Juliá', 'V-10277162', '0424-5125135', 'Calle 72, Maracaibo', 'M', 'montalbanfelipa@example.org', 'SUC01');
INSERT INTO CLIENTE (cod_cliente, nb_cliente, ci_rif, telefono, direccion, sexo, email, cod_sucursal) VALUES ('C084', 'Petrona Conde Cabello', 'V-11147978', '0212-4207210', 'Calle 72, Maracaibo', 'F', 'kcanete@example.net', 'SUC03');
INSERT INTO CLIENTE (cod_cliente, nb_cliente, ci_rif, telefono, direccion, sexo, email, cod_sucursal) VALUES ('C085', 'Jacobo de Infante', 'V-21939003', '0426-5544174', 'Av. Lara, Barquisimeto', 'F', 'nelida18@example.net', 'SUC01');
INSERT INTO CLIENTE (cod_cliente, nb_cliente, ci_rif, telefono, direccion, sexo, email, cod_sucursal) VALUES ('C086', 'Teófilo Gual Casals', 'V-19132746', '0426-3429894', 'Av. Las Delicias, Maracay', 'M', 'octavio55@example.com', 'SUC03');
INSERT INTO CLIENTE (cod_cliente, nb_cliente, ci_rif, telefono, direccion, sexo, email, cod_sucursal) VALUES ('C087', 'Toni Espada Narváez', 'V-16668208', '0414-9231617', 'Urb. El Trigal, Valencia', 'M', 'teresita51@example.org', 'SUC03');
INSERT INTO CLIENTE (cod_cliente, nb_cliente, ci_rif, telefono, direccion, sexo, email, cod_sucursal) VALUES ('C088', 'Ibán Miguel Soria', 'V-18104611', '0416-4058276', 'Calle 72, Maracaibo', 'M', 'queromartin@example.net', 'SUC03');
INSERT INTO CLIENTE (cod_cliente, nb_cliente, ci_rif, telefono, direccion, sexo, email, cod_sucursal) VALUES ('C089', 'Ángeles Ugarte-Mendoza', 'V-11181535', '0426-8346362', 'Calle 72, Maracaibo', 'F', 'victorianoalegre@example.com', 'SUC02');
INSERT INTO CLIENTE (cod_cliente, nb_cliente, ci_rif, telefono, direccion, sexo, email, cod_sucursal) VALUES ('C090', 'Samuel Rueda Mir', 'V-5890375', '0414-1697637', 'Calle 72, Maracaibo', 'F', 'pcerro@example.com', 'SUC02');
INSERT INTO CLIENTE (cod_cliente, nb_cliente, ci_rif, telefono, direccion, sexo, email, cod_sucursal) VALUES ('C091', 'Paola Córdoba Jordá', 'V-6229571', '0426-6168710', 'Av. Lara, Barquisimeto', 'F', 'cosmebatlle@example.com', 'SUC02');
INSERT INTO CLIENTE (cod_cliente, nb_cliente, ci_rif, telefono, direccion, sexo, email, cod_sucursal) VALUES ('C092', 'Filomena Luna', 'V-16836349', '0416-7419393', 'Av. Lara, Barquisimeto', 'F', 'jose-angel97@example.com', 'SUC03');
INSERT INTO CLIENTE (cod_cliente, nb_cliente, ci_rif, telefono, direccion, sexo, email, cod_sucursal) VALUES ('C093', 'Anselma Talavera', 'V-8418697', '0424-1027038', 'Av. Francisco de Miranda, Caracas', 'F', 'francofermin@example.com', 'SUC03');
INSERT INTO CLIENTE (cod_cliente, nb_cliente, ci_rif, telefono, direccion, sexo, email, cod_sucursal) VALUES ('C094', 'Rogelio Camacho Figueroa', 'V-16140288', '0412-2921928', 'Av. Francisco de Miranda, Caracas', 'M', 'bmanrique@example.org', 'SUC02');
INSERT INTO CLIENTE (cod_cliente, nb_cliente, ci_rif, telefono, direccion, sexo, email, cod_sucursal) VALUES ('C095', 'Camilo Peralta Egea', 'V-28963853', '0426-4311929', 'Calle 72, Maracaibo', 'M', 'gimeneznelida@example.com', 'SUC02');
INSERT INTO CLIENTE (cod_cliente, nb_cliente, ci_rif, telefono, direccion, sexo, email, cod_sucursal) VALUES ('C096', 'Selena Calatayud Maza', 'V-13157626', '0416-3516389', 'Calle 72, Maracaibo', 'M', 'soriasofia@example.net', 'SUC02');
INSERT INTO CLIENTE (cod_cliente, nb_cliente, ci_rif, telefono, direccion, sexo, email, cod_sucursal) VALUES ('C097', 'Ricarda Dalmau-Colomer', 'V-5031173', '0414-8531311', 'Urb. El Trigal, Valencia', 'F', 'cristobalchaves@example.org', 'SUC02');
INSERT INTO CLIENTE (cod_cliente, nb_cliente, ci_rif, telefono, direccion, sexo, email, cod_sucursal) VALUES ('C098', 'Silvio Lumbreras Benavent', 'V-8057728', '0424-4886575', 'Calle 72, Maracaibo', 'F', 'ubaro@example.org', 'SUC03');
INSERT INTO CLIENTE (cod_cliente, nb_cliente, ci_rif, telefono, direccion, sexo, email, cod_sucursal) VALUES ('C099', 'Adelia Etelvina Almazán Leal', 'V-20517764', '0426-6567772', 'Calle 72, Maracaibo', 'M', 'fulgencio81@example.org', 'SUC02');
INSERT INTO CLIENTE (cod_cliente, nb_cliente, ci_rif, telefono, direccion, sexo, email, cod_sucursal) VALUES ('C100', 'Nicolás Quero-Valbuena', 'V-23917302', '0414-5435529', 'Av. Bolivar, Caracas', 'F', 'zorrillanadia@example.net', 'SUC01');

-- 7. EVALUACION_SERVICIO
INSERT INTO EVALUACION_SERVICIO (cod_evaluacion_servicio, nb_descripcion) VALUES ('E1', 'Malo');
INSERT INTO EVALUACION_SERVICIO (cod_evaluacion_servicio, nb_descripcion) VALUES ('E2', 'Regular');
INSERT INTO EVALUACION_SERVICIO (cod_evaluacion_servicio, nb_descripcion) VALUES ('E3', 'Bueno');
INSERT INTO EVALUACION_SERVICIO (cod_evaluacion_servicio, nb_descripcion) VALUES ('E4', 'Muy Bueno');
INSERT INTO EVALUACION_SERVICIO (cod_evaluacion_servicio, nb_descripcion) VALUES ('E5', 'Excelente');

-- 8. RECOMIENDA
INSERT INTO RECOMIENDA (cod_cliente, cod_evaluacion_servicio, cod_producto, recomienda_amigo, fecha_evaluacion) VALUES ('C043', 'E3', 'P02', 'SI', '2024-07-31');
INSERT INTO RECOMIENDA (cod_cliente, cod_evaluacion_servicio, cod_producto, recomienda_amigo, fecha_evaluacion) VALUES ('C076', 'E5', 'P02', 'SI', '2025-07-04');
INSERT INTO RECOMIENDA (cod_cliente, cod_evaluacion_servicio, cod_producto, recomienda_amigo, fecha_evaluacion) VALUES ('C032', 'E5', 'P02', 'SI', '2025-02-05');
INSERT INTO RECOMIENDA (cod_cliente, cod_evaluacion_servicio, cod_producto, recomienda_amigo, fecha_evaluacion) VALUES ('C079', 'E1', 'P01', 'NO', '2024-10-18');
INSERT INTO RECOMIENDA (cod_cliente, cod_evaluacion_servicio, cod_producto, recomienda_amigo, fecha_evaluacion) VALUES ('C087', 'E4', 'P04', 'SI', '2025-10-21');
INSERT INTO RECOMIENDA (cod_cliente, cod_evaluacion_servicio, cod_producto, recomienda_amigo, fecha_evaluacion) VALUES ('C011', 'E5', 'P04', 'SI', '2026-05-25');
INSERT INTO RECOMIENDA (cod_cliente, cod_evaluacion_servicio, cod_producto, recomienda_amigo, fecha_evaluacion) VALUES ('C018', 'E2', 'P02', 'NO', '2026-02-28');
INSERT INTO RECOMIENDA (cod_cliente, cod_evaluacion_servicio, cod_producto, recomienda_amigo, fecha_evaluacion) VALUES ('C072', 'E4', 'P02', 'SI', '2026-06-05');
INSERT INTO RECOMIENDA (cod_cliente, cod_evaluacion_servicio, cod_producto, recomienda_amigo, fecha_evaluacion) VALUES ('C019', 'E2', 'P04', 'NO', '2024-12-02');
INSERT INTO RECOMIENDA (cod_cliente, cod_evaluacion_servicio, cod_producto, recomienda_amigo, fecha_evaluacion) VALUES ('C065', 'E5', 'P04', 'SI', '2025-05-22');
INSERT INTO RECOMIENDA (cod_cliente, cod_evaluacion_servicio, cod_producto, recomienda_amigo, fecha_evaluacion) VALUES ('C090', 'E1', 'P02', 'NO', '2026-01-26');
INSERT INTO RECOMIENDA (cod_cliente, cod_evaluacion_servicio, cod_producto, recomienda_amigo, fecha_evaluacion) VALUES ('C038', 'E5', 'P03', 'SI', '2026-01-29');
INSERT INTO RECOMIENDA (cod_cliente, cod_evaluacion_servicio, cod_producto, recomienda_amigo, fecha_evaluacion) VALUES ('C028', 'E2', 'P01', 'NO', '2025-09-08');
INSERT INTO RECOMIENDA (cod_cliente, cod_evaluacion_servicio, cod_producto, recomienda_amigo, fecha_evaluacion) VALUES ('C029', 'E4', 'P04', 'SI', '2025-12-02');
INSERT INTO RECOMIENDA (cod_cliente, cod_evaluacion_servicio, cod_producto, recomienda_amigo, fecha_evaluacion) VALUES ('C086', 'E5', 'P03', 'SI', '2025-05-10');
INSERT INTO RECOMIENDA (cod_cliente, cod_evaluacion_servicio, cod_producto, recomienda_amigo, fecha_evaluacion) VALUES ('C056', 'E1', 'P03', 'NO', '2025-10-29');
INSERT INTO RECOMIENDA (cod_cliente, cod_evaluacion_servicio, cod_producto, recomienda_amigo, fecha_evaluacion) VALUES ('C064', 'E1', 'P03', 'NO', '2025-09-26');
INSERT INTO RECOMIENDA (cod_cliente, cod_evaluacion_servicio, cod_producto, recomienda_amigo, fecha_evaluacion) VALUES ('C097', 'E4', 'P01', 'SI', '2024-07-11');
INSERT INTO RECOMIENDA (cod_cliente, cod_evaluacion_servicio, cod_producto, recomienda_amigo, fecha_evaluacion) VALUES ('C098', 'E3', 'P04', 'SI', '2026-02-16');
INSERT INTO RECOMIENDA (cod_cliente, cod_evaluacion_servicio, cod_producto, recomienda_amigo, fecha_evaluacion) VALUES ('C074', 'E1', 'P03', 'NO', '2024-11-20');
INSERT INTO RECOMIENDA (cod_cliente, cod_evaluacion_servicio, cod_producto, recomienda_amigo, fecha_evaluacion) VALUES ('C080', 'E2', 'P03', 'NO', '2024-10-25');
INSERT INTO RECOMIENDA (cod_cliente, cod_evaluacion_servicio, cod_producto, recomienda_amigo, fecha_evaluacion) VALUES ('C058', 'E1', 'P02', 'NO', '2024-09-03');
INSERT INTO RECOMIENDA (cod_cliente, cod_evaluacion_servicio, cod_producto, recomienda_amigo, fecha_evaluacion) VALUES ('C017', 'E5', 'P01', 'SI', '2024-08-07');
INSERT INTO RECOMIENDA (cod_cliente, cod_evaluacion_servicio, cod_producto, recomienda_amigo, fecha_evaluacion) VALUES ('C055', 'E1', 'P03', 'NO', '2024-11-09');
INSERT INTO RECOMIENDA (cod_cliente, cod_evaluacion_servicio, cod_producto, recomienda_amigo, fecha_evaluacion) VALUES ('C085', 'E4', 'P03', 'SI', '2025-07-29');
INSERT INTO RECOMIENDA (cod_cliente, cod_evaluacion_servicio, cod_producto, recomienda_amigo, fecha_evaluacion) VALUES ('C036', 'E4', 'P01', 'SI', '2025-06-17');
INSERT INTO RECOMIENDA (cod_cliente, cod_evaluacion_servicio, cod_producto, recomienda_amigo, fecha_evaluacion) VALUES ('C002', 'E4', 'P02', 'SI', '2026-01-21');
INSERT INTO RECOMIENDA (cod_cliente, cod_evaluacion_servicio, cod_producto, recomienda_amigo, fecha_evaluacion) VALUES ('C035', 'E1', 'P02', 'NO', '2024-07-23');
INSERT INTO RECOMIENDA (cod_cliente, cod_evaluacion_servicio, cod_producto, recomienda_amigo, fecha_evaluacion) VALUES ('C048', 'E5', 'P01', 'SI', '2026-02-02');
INSERT INTO RECOMIENDA (cod_cliente, cod_evaluacion_servicio, cod_producto, recomienda_amigo, fecha_evaluacion) VALUES ('C083', 'E4', 'P04', 'SI', '2025-04-30');
INSERT INTO RECOMIENDA (cod_cliente, cod_evaluacion_servicio, cod_producto, recomienda_amigo, fecha_evaluacion) VALUES ('C031', 'E2', 'P04', 'NO', '2024-08-29');
INSERT INTO RECOMIENDA (cod_cliente, cod_evaluacion_servicio, cod_producto, recomienda_amigo, fecha_evaluacion) VALUES ('C049', 'E3', 'P02', 'SI', '2025-08-05');
INSERT INTO RECOMIENDA (cod_cliente, cod_evaluacion_servicio, cod_producto, recomienda_amigo, fecha_evaluacion) VALUES ('C005', 'E1', 'P01', 'NO', '2024-09-18');
INSERT INTO RECOMIENDA (cod_cliente, cod_evaluacion_servicio, cod_producto, recomienda_amigo, fecha_evaluacion) VALUES ('C062', 'E2', 'P01', 'NO', '2025-04-06');
INSERT INTO RECOMIENDA (cod_cliente, cod_evaluacion_servicio, cod_producto, recomienda_amigo, fecha_evaluacion) VALUES ('C052', 'E1', 'P03', 'NO', '2025-03-28');
INSERT INTO RECOMIENDA (cod_cliente, cod_evaluacion_servicio, cod_producto, recomienda_amigo, fecha_evaluacion) VALUES ('C014', 'E1', 'P04', 'NO', '2025-02-19');
INSERT INTO RECOMIENDA (cod_cliente, cod_evaluacion_servicio, cod_producto, recomienda_amigo, fecha_evaluacion) VALUES ('C015', 'E5', 'P03', 'SI', '2024-07-21');
INSERT INTO RECOMIENDA (cod_cliente, cod_evaluacion_servicio, cod_producto, recomienda_amigo, fecha_evaluacion) VALUES ('C068', 'E1', 'P01', 'NO', '2024-07-14');
INSERT INTO RECOMIENDA (cod_cliente, cod_evaluacion_servicio, cod_producto, recomienda_amigo, fecha_evaluacion) VALUES ('C012', 'E1', 'P03', 'NO', '2024-12-25');
INSERT INTO RECOMIENDA (cod_cliente, cod_evaluacion_servicio, cod_producto, recomienda_amigo, fecha_evaluacion) VALUES ('C024', 'E2', 'P04', 'NO', '2025-07-22');
INSERT INTO RECOMIENDA (cod_cliente, cod_evaluacion_servicio, cod_producto, recomienda_amigo, fecha_evaluacion) VALUES ('C084', 'E2', 'P04', 'NO', '2025-04-08');
INSERT INTO RECOMIENDA (cod_cliente, cod_evaluacion_servicio, cod_producto, recomienda_amigo, fecha_evaluacion) VALUES ('C071', 'E5', 'P02', 'SI', '2025-09-28');
INSERT INTO RECOMIENDA (cod_cliente, cod_evaluacion_servicio, cod_producto, recomienda_amigo, fecha_evaluacion) VALUES ('C094', 'E3', 'P01', 'SI', '2024-08-09');
INSERT INTO RECOMIENDA (cod_cliente, cod_evaluacion_servicio, cod_producto, recomienda_amigo, fecha_evaluacion) VALUES ('C054', 'E5', 'P04', 'SI', '2025-03-31');
INSERT INTO RECOMIENDA (cod_cliente, cod_evaluacion_servicio, cod_producto, recomienda_amigo, fecha_evaluacion) VALUES ('C006', 'E5', 'P04', 'SI', '2025-11-21');
INSERT INTO RECOMIENDA (cod_cliente, cod_evaluacion_servicio, cod_producto, recomienda_amigo, fecha_evaluacion) VALUES ('C075', 'E2', 'P01', 'NO', '2026-05-25');
INSERT INTO RECOMIENDA (cod_cliente, cod_evaluacion_servicio, cod_producto, recomienda_amigo, fecha_evaluacion) VALUES ('C078', 'E4', 'P04', 'SI', '2025-11-03');
INSERT INTO RECOMIENDA (cod_cliente, cod_evaluacion_servicio, cod_producto, recomienda_amigo, fecha_evaluacion) VALUES ('C030', 'E1', 'P02', 'NO', '2024-11-26');
INSERT INTO RECOMIENDA (cod_cliente, cod_evaluacion_servicio, cod_producto, recomienda_amigo, fecha_evaluacion) VALUES ('C100', 'E2', 'P02', 'NO', '2025-01-29');
INSERT INTO RECOMIENDA (cod_cliente, cod_evaluacion_servicio, cod_producto, recomienda_amigo, fecha_evaluacion) VALUES ('C082', 'E4', 'P04', 'SI', '2024-07-27');
INSERT INTO RECOMIENDA (cod_cliente, cod_evaluacion_servicio, cod_producto, recomienda_amigo, fecha_evaluacion) VALUES ('C066', 'E3', 'P03', 'SI', '2025-08-25');
INSERT INTO RECOMIENDA (cod_cliente, cod_evaluacion_servicio, cod_producto, recomienda_amigo, fecha_evaluacion) VALUES ('C039', 'E3', 'P04', 'SI', '2024-08-21');
INSERT INTO RECOMIENDA (cod_cliente, cod_evaluacion_servicio, cod_producto, recomienda_amigo, fecha_evaluacion) VALUES ('C009', 'E1', 'P02', 'NO', '2025-06-01');
INSERT INTO RECOMIENDA (cod_cliente, cod_evaluacion_servicio, cod_producto, recomienda_amigo, fecha_evaluacion) VALUES ('C037', 'E2', 'P04', 'NO', '2024-11-24');
INSERT INTO RECOMIENDA (cod_cliente, cod_evaluacion_servicio, cod_producto, recomienda_amigo, fecha_evaluacion) VALUES ('C020', 'E4', 'P01', 'SI', '2025-02-23');
INSERT INTO RECOMIENDA (cod_cliente, cod_evaluacion_servicio, cod_producto, recomienda_amigo, fecha_evaluacion) VALUES ('C061', 'E4', 'P02', 'SI', '2024-07-28');
INSERT INTO RECOMIENDA (cod_cliente, cod_evaluacion_servicio, cod_producto, recomienda_amigo, fecha_evaluacion) VALUES ('C003', 'E3', 'P04', 'SI', '2025-12-21');
INSERT INTO RECOMIENDA (cod_cliente, cod_evaluacion_servicio, cod_producto, recomienda_amigo, fecha_evaluacion) VALUES ('C047', 'E4', 'P04', 'SI', '2026-03-22');
INSERT INTO RECOMIENDA (cod_cliente, cod_evaluacion_servicio, cod_producto, recomienda_amigo, fecha_evaluacion) VALUES ('C041', 'E3', 'P02', 'SI', '2025-09-13');
INSERT INTO RECOMIENDA (cod_cliente, cod_evaluacion_servicio, cod_producto, recomienda_amigo, fecha_evaluacion) VALUES ('C095', 'E4', 'P01', 'SI', '2025-05-12');

-- 9. CONTRATO
INSERT INTO CONTRATO (nro_contrato, descrip_contrato) VALUES ('CT-0001', 'Contrato de poliza 1 para asegurado');
INSERT INTO CONTRATO (nro_contrato, descrip_contrato) VALUES ('CT-0002', 'Contrato de poliza 2 para asegurado');
INSERT INTO CONTRATO (nro_contrato, descrip_contrato) VALUES ('CT-0003', 'Contrato de poliza 3 para asegurado');
INSERT INTO CONTRATO (nro_contrato, descrip_contrato) VALUES ('CT-0004', 'Contrato de poliza 4 para asegurado');
INSERT INTO CONTRATO (nro_contrato, descrip_contrato) VALUES ('CT-0005', 'Contrato de poliza 5 para asegurado');
INSERT INTO CONTRATO (nro_contrato, descrip_contrato) VALUES ('CT-0006', 'Contrato de poliza 6 para asegurado');
INSERT INTO CONTRATO (nro_contrato, descrip_contrato) VALUES ('CT-0007', 'Contrato de poliza 7 para asegurado');
INSERT INTO CONTRATO (nro_contrato, descrip_contrato) VALUES ('CT-0008', 'Contrato de poliza 8 para asegurado');
INSERT INTO CONTRATO (nro_contrato, descrip_contrato) VALUES ('CT-0009', 'Contrato de poliza 9 para asegurado');
INSERT INTO CONTRATO (nro_contrato, descrip_contrato) VALUES ('CT-0010', 'Contrato de poliza 10 para asegurado');
INSERT INTO CONTRATO (nro_contrato, descrip_contrato) VALUES ('CT-0011', 'Contrato de poliza 11 para asegurado');
INSERT INTO CONTRATO (nro_contrato, descrip_contrato) VALUES ('CT-0012', 'Contrato de poliza 12 para asegurado');
INSERT INTO CONTRATO (nro_contrato, descrip_contrato) VALUES ('CT-0013', 'Contrato de poliza 13 para asegurado');
INSERT INTO CONTRATO (nro_contrato, descrip_contrato) VALUES ('CT-0014', 'Contrato de poliza 14 para asegurado');
INSERT INTO CONTRATO (nro_contrato, descrip_contrato) VALUES ('CT-0015', 'Contrato de poliza 15 para asegurado');
INSERT INTO CONTRATO (nro_contrato, descrip_contrato) VALUES ('CT-0016', 'Contrato de poliza 16 para asegurado');
INSERT INTO CONTRATO (nro_contrato, descrip_contrato) VALUES ('CT-0017', 'Contrato de poliza 17 para asegurado');
INSERT INTO CONTRATO (nro_contrato, descrip_contrato) VALUES ('CT-0018', 'Contrato de poliza 18 para asegurado');
INSERT INTO CONTRATO (nro_contrato, descrip_contrato) VALUES ('CT-0019', 'Contrato de poliza 19 para asegurado');
INSERT INTO CONTRATO (nro_contrato, descrip_contrato) VALUES ('CT-0020', 'Contrato de poliza 20 para asegurado');
INSERT INTO CONTRATO (nro_contrato, descrip_contrato) VALUES ('CT-0021', 'Contrato de poliza 21 para asegurado');
INSERT INTO CONTRATO (nro_contrato, descrip_contrato) VALUES ('CT-0022', 'Contrato de poliza 22 para asegurado');
INSERT INTO CONTRATO (nro_contrato, descrip_contrato) VALUES ('CT-0023', 'Contrato de poliza 23 para asegurado');
INSERT INTO CONTRATO (nro_contrato, descrip_contrato) VALUES ('CT-0024', 'Contrato de poliza 24 para asegurado');
INSERT INTO CONTRATO (nro_contrato, descrip_contrato) VALUES ('CT-0025', 'Contrato de poliza 25 para asegurado');
INSERT INTO CONTRATO (nro_contrato, descrip_contrato) VALUES ('CT-0026', 'Contrato de poliza 26 para asegurado');
INSERT INTO CONTRATO (nro_contrato, descrip_contrato) VALUES ('CT-0027', 'Contrato de poliza 27 para asegurado');
INSERT INTO CONTRATO (nro_contrato, descrip_contrato) VALUES ('CT-0028', 'Contrato de poliza 28 para asegurado');
INSERT INTO CONTRATO (nro_contrato, descrip_contrato) VALUES ('CT-0029', 'Contrato de poliza 29 para asegurado');
INSERT INTO CONTRATO (nro_contrato, descrip_contrato) VALUES ('CT-0030', 'Contrato de poliza 30 para asegurado');
INSERT INTO CONTRATO (nro_contrato, descrip_contrato) VALUES ('CT-0031', 'Contrato de poliza 31 para asegurado');
INSERT INTO CONTRATO (nro_contrato, descrip_contrato) VALUES ('CT-0032', 'Contrato de poliza 32 para asegurado');
INSERT INTO CONTRATO (nro_contrato, descrip_contrato) VALUES ('CT-0033', 'Contrato de poliza 33 para asegurado');
INSERT INTO CONTRATO (nro_contrato, descrip_contrato) VALUES ('CT-0034', 'Contrato de poliza 34 para asegurado');
INSERT INTO CONTRATO (nro_contrato, descrip_contrato) VALUES ('CT-0035', 'Contrato de poliza 35 para asegurado');
INSERT INTO CONTRATO (nro_contrato, descrip_contrato) VALUES ('CT-0036', 'Contrato de poliza 36 para asegurado');
INSERT INTO CONTRATO (nro_contrato, descrip_contrato) VALUES ('CT-0037', 'Contrato de poliza 37 para asegurado');
INSERT INTO CONTRATO (nro_contrato, descrip_contrato) VALUES ('CT-0038', 'Contrato de poliza 38 para asegurado');
INSERT INTO CONTRATO (nro_contrato, descrip_contrato) VALUES ('CT-0039', 'Contrato de poliza 39 para asegurado');
INSERT INTO CONTRATO (nro_contrato, descrip_contrato) VALUES ('CT-0040', 'Contrato de poliza 40 para asegurado');
INSERT INTO CONTRATO (nro_contrato, descrip_contrato) VALUES ('CT-0041', 'Contrato de poliza 41 para asegurado');
INSERT INTO CONTRATO (nro_contrato, descrip_contrato) VALUES ('CT-0042', 'Contrato de poliza 42 para asegurado');
INSERT INTO CONTRATO (nro_contrato, descrip_contrato) VALUES ('CT-0043', 'Contrato de poliza 43 para asegurado');
INSERT INTO CONTRATO (nro_contrato, descrip_contrato) VALUES ('CT-0044', 'Contrato de poliza 44 para asegurado');
INSERT INTO CONTRATO (nro_contrato, descrip_contrato) VALUES ('CT-0045', 'Contrato de poliza 45 para asegurado');
INSERT INTO CONTRATO (nro_contrato, descrip_contrato) VALUES ('CT-0046', 'Contrato de poliza 46 para asegurado');
INSERT INTO CONTRATO (nro_contrato, descrip_contrato) VALUES ('CT-0047', 'Contrato de poliza 47 para asegurado');
INSERT INTO CONTRATO (nro_contrato, descrip_contrato) VALUES ('CT-0048', 'Contrato de poliza 48 para asegurado');
INSERT INTO CONTRATO (nro_contrato, descrip_contrato) VALUES ('CT-0049', 'Contrato de poliza 49 para asegurado');
INSERT INTO CONTRATO (nro_contrato, descrip_contrato) VALUES ('CT-0050', 'Contrato de poliza 50 para asegurado');
INSERT INTO CONTRATO (nro_contrato, descrip_contrato) VALUES ('CT-0051', 'Contrato de poliza 51 para asegurado');
INSERT INTO CONTRATO (nro_contrato, descrip_contrato) VALUES ('CT-0052', 'Contrato de poliza 52 para asegurado');
INSERT INTO CONTRATO (nro_contrato, descrip_contrato) VALUES ('CT-0053', 'Contrato de poliza 53 para asegurado');
INSERT INTO CONTRATO (nro_contrato, descrip_contrato) VALUES ('CT-0054', 'Contrato de poliza 54 para asegurado');
INSERT INTO CONTRATO (nro_contrato, descrip_contrato) VALUES ('CT-0055', 'Contrato de poliza 55 para asegurado');
INSERT INTO CONTRATO (nro_contrato, descrip_contrato) VALUES ('CT-0056', 'Contrato de poliza 56 para asegurado');
INSERT INTO CONTRATO (nro_contrato, descrip_contrato) VALUES ('CT-0057', 'Contrato de poliza 57 para asegurado');
INSERT INTO CONTRATO (nro_contrato, descrip_contrato) VALUES ('CT-0058', 'Contrato de poliza 58 para asegurado');
INSERT INTO CONTRATO (nro_contrato, descrip_contrato) VALUES ('CT-0059', 'Contrato de poliza 59 para asegurado');
INSERT INTO CONTRATO (nro_contrato, descrip_contrato) VALUES ('CT-0060', 'Contrato de poliza 60 para asegurado');
INSERT INTO CONTRATO (nro_contrato, descrip_contrato) VALUES ('CT-0061', 'Contrato de poliza 61 para asegurado');
INSERT INTO CONTRATO (nro_contrato, descrip_contrato) VALUES ('CT-0062', 'Contrato de poliza 62 para asegurado');
INSERT INTO CONTRATO (nro_contrato, descrip_contrato) VALUES ('CT-0063', 'Contrato de poliza 63 para asegurado');
INSERT INTO CONTRATO (nro_contrato, descrip_contrato) VALUES ('CT-0064', 'Contrato de poliza 64 para asegurado');
INSERT INTO CONTRATO (nro_contrato, descrip_contrato) VALUES ('CT-0065', 'Contrato de poliza 65 para asegurado');
INSERT INTO CONTRATO (nro_contrato, descrip_contrato) VALUES ('CT-0066', 'Contrato de poliza 66 para asegurado');
INSERT INTO CONTRATO (nro_contrato, descrip_contrato) VALUES ('CT-0067', 'Contrato de poliza 67 para asegurado');
INSERT INTO CONTRATO (nro_contrato, descrip_contrato) VALUES ('CT-0068', 'Contrato de poliza 68 para asegurado');
INSERT INTO CONTRATO (nro_contrato, descrip_contrato) VALUES ('CT-0069', 'Contrato de poliza 69 para asegurado');
INSERT INTO CONTRATO (nro_contrato, descrip_contrato) VALUES ('CT-0070', 'Contrato de poliza 70 para asegurado');
INSERT INTO CONTRATO (nro_contrato, descrip_contrato) VALUES ('CT-0071', 'Contrato de poliza 71 para asegurado');
INSERT INTO CONTRATO (nro_contrato, descrip_contrato) VALUES ('CT-0072', 'Contrato de poliza 72 para asegurado');
INSERT INTO CONTRATO (nro_contrato, descrip_contrato) VALUES ('CT-0073', 'Contrato de poliza 73 para asegurado');
INSERT INTO CONTRATO (nro_contrato, descrip_contrato) VALUES ('CT-0074', 'Contrato de poliza 74 para asegurado');
INSERT INTO CONTRATO (nro_contrato, descrip_contrato) VALUES ('CT-0075', 'Contrato de poliza 75 para asegurado');
INSERT INTO CONTRATO (nro_contrato, descrip_contrato) VALUES ('CT-0076', 'Contrato de poliza 76 para asegurado');
INSERT INTO CONTRATO (nro_contrato, descrip_contrato) VALUES ('CT-0077', 'Contrato de poliza 77 para asegurado');
INSERT INTO CONTRATO (nro_contrato, descrip_contrato) VALUES ('CT-0078', 'Contrato de poliza 78 para asegurado');
INSERT INTO CONTRATO (nro_contrato, descrip_contrato) VALUES ('CT-0079', 'Contrato de poliza 79 para asegurado');
INSERT INTO CONTRATO (nro_contrato, descrip_contrato) VALUES ('CT-0080', 'Contrato de poliza 80 para asegurado');
INSERT INTO CONTRATO (nro_contrato, descrip_contrato) VALUES ('CT-0081', 'Contrato de poliza 81 para asegurado');
INSERT INTO CONTRATO (nro_contrato, descrip_contrato) VALUES ('CT-0082', 'Contrato de poliza 82 para asegurado');
INSERT INTO CONTRATO (nro_contrato, descrip_contrato) VALUES ('CT-0083', 'Contrato de poliza 83 para asegurado');
INSERT INTO CONTRATO (nro_contrato, descrip_contrato) VALUES ('CT-0084', 'Contrato de poliza 84 para asegurado');
INSERT INTO CONTRATO (nro_contrato, descrip_contrato) VALUES ('CT-0085', 'Contrato de poliza 85 para asegurado');
INSERT INTO CONTRATO (nro_contrato, descrip_contrato) VALUES ('CT-0086', 'Contrato de poliza 86 para asegurado');
INSERT INTO CONTRATO (nro_contrato, descrip_contrato) VALUES ('CT-0087', 'Contrato de poliza 87 para asegurado');
INSERT INTO CONTRATO (nro_contrato, descrip_contrato) VALUES ('CT-0088', 'Contrato de poliza 88 para asegurado');
INSERT INTO CONTRATO (nro_contrato, descrip_contrato) VALUES ('CT-0089', 'Contrato de poliza 89 para asegurado');
INSERT INTO CONTRATO (nro_contrato, descrip_contrato) VALUES ('CT-0090', 'Contrato de poliza 90 para asegurado');
INSERT INTO CONTRATO (nro_contrato, descrip_contrato) VALUES ('CT-0091', 'Contrato de poliza 91 para asegurado');
INSERT INTO CONTRATO (nro_contrato, descrip_contrato) VALUES ('CT-0092', 'Contrato de poliza 92 para asegurado');
INSERT INTO CONTRATO (nro_contrato, descrip_contrato) VALUES ('CT-0093', 'Contrato de poliza 93 para asegurado');
INSERT INTO CONTRATO (nro_contrato, descrip_contrato) VALUES ('CT-0094', 'Contrato de poliza 94 para asegurado');
INSERT INTO CONTRATO (nro_contrato, descrip_contrato) VALUES ('CT-0095', 'Contrato de poliza 95 para asegurado');
INSERT INTO CONTRATO (nro_contrato, descrip_contrato) VALUES ('CT-0096', 'Contrato de poliza 96 para asegurado');
INSERT INTO CONTRATO (nro_contrato, descrip_contrato) VALUES ('CT-0097', 'Contrato de poliza 97 para asegurado');
INSERT INTO CONTRATO (nro_contrato, descrip_contrato) VALUES ('CT-0098', 'Contrato de poliza 98 para asegurado');
INSERT INTO CONTRATO (nro_contrato, descrip_contrato) VALUES ('CT-0099', 'Contrato de poliza 99 para asegurado');
INSERT INTO CONTRATO (nro_contrato, descrip_contrato) VALUES ('CT-0100', 'Contrato de poliza 100 para asegurado');
INSERT INTO CONTRATO (nro_contrato, descrip_contrato) VALUES ('CT-0101', 'Contrato de poliza 101 para asegurado');
INSERT INTO CONTRATO (nro_contrato, descrip_contrato) VALUES ('CT-0102', 'Contrato de poliza 102 para asegurado');
INSERT INTO CONTRATO (nro_contrato, descrip_contrato) VALUES ('CT-0103', 'Contrato de poliza 103 para asegurado');
INSERT INTO CONTRATO (nro_contrato, descrip_contrato) VALUES ('CT-0104', 'Contrato de poliza 104 para asegurado');
INSERT INTO CONTRATO (nro_contrato, descrip_contrato) VALUES ('CT-0105', 'Contrato de poliza 105 para asegurado');
INSERT INTO CONTRATO (nro_contrato, descrip_contrato) VALUES ('CT-0106', 'Contrato de poliza 106 para asegurado');
INSERT INTO CONTRATO (nro_contrato, descrip_contrato) VALUES ('CT-0107', 'Contrato de poliza 107 para asegurado');
INSERT INTO CONTRATO (nro_contrato, descrip_contrato) VALUES ('CT-0108', 'Contrato de poliza 108 para asegurado');
INSERT INTO CONTRATO (nro_contrato, descrip_contrato) VALUES ('CT-0109', 'Contrato de poliza 109 para asegurado');
INSERT INTO CONTRATO (nro_contrato, descrip_contrato) VALUES ('CT-0110', 'Contrato de poliza 110 para asegurado');
INSERT INTO CONTRATO (nro_contrato, descrip_contrato) VALUES ('CT-0111', 'Contrato de poliza 111 para asegurado');
INSERT INTO CONTRATO (nro_contrato, descrip_contrato) VALUES ('CT-0112', 'Contrato de poliza 112 para asegurado');
INSERT INTO CONTRATO (nro_contrato, descrip_contrato) VALUES ('CT-0113', 'Contrato de poliza 113 para asegurado');
INSERT INTO CONTRATO (nro_contrato, descrip_contrato) VALUES ('CT-0114', 'Contrato de poliza 114 para asegurado');
INSERT INTO CONTRATO (nro_contrato, descrip_contrato) VALUES ('CT-0115', 'Contrato de poliza 115 para asegurado');
INSERT INTO CONTRATO (nro_contrato, descrip_contrato) VALUES ('CT-0116', 'Contrato de poliza 116 para asegurado');
INSERT INTO CONTRATO (nro_contrato, descrip_contrato) VALUES ('CT-0117', 'Contrato de poliza 117 para asegurado');
INSERT INTO CONTRATO (nro_contrato, descrip_contrato) VALUES ('CT-0118', 'Contrato de poliza 118 para asegurado');
INSERT INTO CONTRATO (nro_contrato, descrip_contrato) VALUES ('CT-0119', 'Contrato de poliza 119 para asegurado');
INSERT INTO CONTRATO (nro_contrato, descrip_contrato) VALUES ('CT-0120', 'Contrato de poliza 120 para asegurado');
INSERT INTO CONTRATO (nro_contrato, descrip_contrato) VALUES ('CT-0121', 'Contrato de poliza 121 para asegurado');
INSERT INTO CONTRATO (nro_contrato, descrip_contrato) VALUES ('CT-0122', 'Contrato de poliza 122 para asegurado');
INSERT INTO CONTRATO (nro_contrato, descrip_contrato) VALUES ('CT-0123', 'Contrato de poliza 123 para asegurado');
INSERT INTO CONTRATO (nro_contrato, descrip_contrato) VALUES ('CT-0124', 'Contrato de poliza 124 para asegurado');
INSERT INTO CONTRATO (nro_contrato, descrip_contrato) VALUES ('CT-0125', 'Contrato de poliza 125 para asegurado');
INSERT INTO CONTRATO (nro_contrato, descrip_contrato) VALUES ('CT-0126', 'Contrato de poliza 126 para asegurado');
INSERT INTO CONTRATO (nro_contrato, descrip_contrato) VALUES ('CT-0127', 'Contrato de poliza 127 para asegurado');
INSERT INTO CONTRATO (nro_contrato, descrip_contrato) VALUES ('CT-0128', 'Contrato de poliza 128 para asegurado');
INSERT INTO CONTRATO (nro_contrato, descrip_contrato) VALUES ('CT-0129', 'Contrato de poliza 129 para asegurado');
INSERT INTO CONTRATO (nro_contrato, descrip_contrato) VALUES ('CT-0130', 'Contrato de poliza 130 para asegurado');
INSERT INTO CONTRATO (nro_contrato, descrip_contrato) VALUES ('CT-0131', 'Contrato de poliza 131 para asegurado');
INSERT INTO CONTRATO (nro_contrato, descrip_contrato) VALUES ('CT-0132', 'Contrato de poliza 132 para asegurado');
INSERT INTO CONTRATO (nro_contrato, descrip_contrato) VALUES ('CT-0133', 'Contrato de poliza 133 para asegurado');
INSERT INTO CONTRATO (nro_contrato, descrip_contrato) VALUES ('CT-0134', 'Contrato de poliza 134 para asegurado');
INSERT INTO CONTRATO (nro_contrato, descrip_contrato) VALUES ('CT-0135', 'Contrato de poliza 135 para asegurado');
INSERT INTO CONTRATO (nro_contrato, descrip_contrato) VALUES ('CT-0136', 'Contrato de poliza 136 para asegurado');
INSERT INTO CONTRATO (nro_contrato, descrip_contrato) VALUES ('CT-0137', 'Contrato de poliza 137 para asegurado');
INSERT INTO CONTRATO (nro_contrato, descrip_contrato) VALUES ('CT-0138', 'Contrato de poliza 138 para asegurado');
INSERT INTO CONTRATO (nro_contrato, descrip_contrato) VALUES ('CT-0139', 'Contrato de poliza 139 para asegurado');
INSERT INTO CONTRATO (nro_contrato, descrip_contrato) VALUES ('CT-0140', 'Contrato de poliza 140 para asegurado');
INSERT INTO CONTRATO (nro_contrato, descrip_contrato) VALUES ('CT-0141', 'Contrato de poliza 141 para asegurado');
INSERT INTO CONTRATO (nro_contrato, descrip_contrato) VALUES ('CT-0142', 'Contrato de poliza 142 para asegurado');
INSERT INTO CONTRATO (nro_contrato, descrip_contrato) VALUES ('CT-0143', 'Contrato de poliza 143 para asegurado');
INSERT INTO CONTRATO (nro_contrato, descrip_contrato) VALUES ('CT-0144', 'Contrato de poliza 144 para asegurado');
INSERT INTO CONTRATO (nro_contrato, descrip_contrato) VALUES ('CT-0145', 'Contrato de poliza 145 para asegurado');
INSERT INTO CONTRATO (nro_contrato, descrip_contrato) VALUES ('CT-0146', 'Contrato de poliza 146 para asegurado');
INSERT INTO CONTRATO (nro_contrato, descrip_contrato) VALUES ('CT-0147', 'Contrato de poliza 147 para asegurado');
INSERT INTO CONTRATO (nro_contrato, descrip_contrato) VALUES ('CT-0148', 'Contrato de poliza 148 para asegurado');
INSERT INTO CONTRATO (nro_contrato, descrip_contrato) VALUES ('CT-0149', 'Contrato de poliza 149 para asegurado');
INSERT INTO CONTRATO (nro_contrato, descrip_contrato) VALUES ('CT-0150', 'Contrato de poliza 150 para asegurado');

-- 10. REGISTRO_CONTRATO
INSERT INTO REGISTRO_CONTRATO (nro_contrato, cod_producto, cod_cliente, fecha_inicio, fecha_fin, monto, estado_contrato) VALUES ('CT-0001', 'P04', 'C050', '2025-11-06', '2026-11-06', 872.62, 'suspendido');
INSERT INTO REGISTRO_CONTRATO (nro_contrato, cod_producto, cod_cliente, fecha_inicio, fecha_fin, monto, estado_contrato) VALUES ('CT-0002', 'P03', 'C099', '2024-04-30', '2025-04-30', 1606.65, 'activo');
INSERT INTO REGISTRO_CONTRATO (nro_contrato, cod_producto, cod_cliente, fecha_inicio, fecha_fin, monto, estado_contrato) VALUES ('CT-0003', 'P04', 'C082', '2024-03-23', '2025-03-23', 2245.84, 'suspendido');
INSERT INTO REGISTRO_CONTRATO (nro_contrato, cod_producto, cod_cliente, fecha_inicio, fecha_fin, monto, estado_contrato) VALUES ('CT-0004', 'P02', 'C002', '2023-08-11', '2024-08-10', 1437.64, 'suspendido');
INSERT INTO REGISTRO_CONTRATO (nro_contrato, cod_producto, cod_cliente, fecha_inicio, fecha_fin, monto, estado_contrato) VALUES ('CT-0005', 'P04', 'C095', '2025-09-22', '2026-09-22', 2434.23, 'suspendido');
INSERT INTO REGISTRO_CONTRATO (nro_contrato, cod_producto, cod_cliente, fecha_inicio, fecha_fin, monto, estado_contrato) VALUES ('CT-0006', 'P02', 'C042', '2025-12-01', '2026-12-01', 664.5, 'suspendido');
INSERT INTO REGISTRO_CONTRATO (nro_contrato, cod_producto, cod_cliente, fecha_inicio, fecha_fin, monto, estado_contrato) VALUES ('CT-0007', 'P04', 'C049', '2024-10-27', '2025-10-27', 1567.04, 'suspendido');
INSERT INTO REGISTRO_CONTRATO (nro_contrato, cod_producto, cod_cliente, fecha_inicio, fecha_fin, monto, estado_contrato) VALUES ('CT-0008', 'P04', 'C087', '2025-10-25', '2026-10-25', 2439.31, 'vencido');
INSERT INTO REGISTRO_CONTRATO (nro_contrato, cod_producto, cod_cliente, fecha_inicio, fecha_fin, monto, estado_contrato) VALUES ('CT-0009', 'P04', 'C061', '2023-10-12', '2024-10-11', 276.49, 'vencido');
INSERT INTO REGISTRO_CONTRATO (nro_contrato, cod_producto, cod_cliente, fecha_inicio, fecha_fin, monto, estado_contrato) VALUES ('CT-0010', 'P03', 'C022', '2023-10-07', '2024-10-06', 1468.62, 'vencido');
INSERT INTO REGISTRO_CONTRATO (nro_contrato, cod_producto, cod_cliente, fecha_inicio, fecha_fin, monto, estado_contrato) VALUES ('CT-0011', 'P04', 'C007', '2023-08-30', '2024-08-29', 849.09, 'vencido');
INSERT INTO REGISTRO_CONTRATO (nro_contrato, cod_producto, cod_cliente, fecha_inicio, fecha_fin, monto, estado_contrato) VALUES ('CT-0012', 'P04', 'C001', '2024-12-08', '2025-12-08', 390.87, 'vencido');
INSERT INTO REGISTRO_CONTRATO (nro_contrato, cod_producto, cod_cliente, fecha_inicio, fecha_fin, monto, estado_contrato) VALUES ('CT-0013', 'P02', 'C088', '2025-10-04', '2026-10-04', 672.28, 'suspendido');
INSERT INTO REGISTRO_CONTRATO (nro_contrato, cod_producto, cod_cliente, fecha_inicio, fecha_fin, monto, estado_contrato) VALUES ('CT-0014', 'P01', 'C049', '2025-06-16', '2026-06-16', 2239.64, 'vencido');
INSERT INTO REGISTRO_CONTRATO (nro_contrato, cod_producto, cod_cliente, fecha_inicio, fecha_fin, monto, estado_contrato) VALUES ('CT-0015', 'P01', 'C001', '2025-06-06', '2026-06-06', 2464.4, 'vencido');
INSERT INTO REGISTRO_CONTRATO (nro_contrato, cod_producto, cod_cliente, fecha_inicio, fecha_fin, monto, estado_contrato) VALUES ('CT-0016', 'P01', 'C028', '2023-07-13', '2024-07-12', 868.37, 'activo');
INSERT INTO REGISTRO_CONTRATO (nro_contrato, cod_producto, cod_cliente, fecha_inicio, fecha_fin, monto, estado_contrato) VALUES ('CT-0017', 'P03', 'C071', '2025-03-18', '2026-03-18', 1466.48, 'vencido');
INSERT INTO REGISTRO_CONTRATO (nro_contrato, cod_producto, cod_cliente, fecha_inicio, fecha_fin, monto, estado_contrato) VALUES ('CT-0018', 'P03', 'C100', '2025-09-27', '2026-09-27', 1867.03, 'activo');
INSERT INTO REGISTRO_CONTRATO (nro_contrato, cod_producto, cod_cliente, fecha_inicio, fecha_fin, monto, estado_contrato) VALUES ('CT-0019', 'P02', 'C029', '2024-04-12', '2025-04-12', 1944.4, 'suspendido');
INSERT INTO REGISTRO_CONTRATO (nro_contrato, cod_producto, cod_cliente, fecha_inicio, fecha_fin, monto, estado_contrato) VALUES ('CT-0020', 'P02', 'C081', '2023-08-12', '2024-08-11', 443.81, 'vencido');
INSERT INTO REGISTRO_CONTRATO (nro_contrato, cod_producto, cod_cliente, fecha_inicio, fecha_fin, monto, estado_contrato) VALUES ('CT-0021', 'P01', 'C079', '2024-03-06', '2025-03-06', 1840.68, 'suspendido');
INSERT INTO REGISTRO_CONTRATO (nro_contrato, cod_producto, cod_cliente, fecha_inicio, fecha_fin, monto, estado_contrato) VALUES ('CT-0022', 'P01', 'C072', '2023-10-12', '2024-10-11', 2420.29, 'suspendido');
INSERT INTO REGISTRO_CONTRATO (nro_contrato, cod_producto, cod_cliente, fecha_inicio, fecha_fin, monto, estado_contrato) VALUES ('CT-0023', 'P02', 'C062', '2026-07-11', '2027-07-11', 1246.79, 'activo');
INSERT INTO REGISTRO_CONTRATO (nro_contrato, cod_producto, cod_cliente, fecha_inicio, fecha_fin, monto, estado_contrato) VALUES ('CT-0024', 'P03', 'C027', '2025-07-12', '2026-07-12', 174.69, 'vencido');
INSERT INTO REGISTRO_CONTRATO (nro_contrato, cod_producto, cod_cliente, fecha_inicio, fecha_fin, monto, estado_contrato) VALUES ('CT-0025', 'P01', 'C029', '2023-10-08', '2024-10-07', 1942.73, 'suspendido');
INSERT INTO REGISTRO_CONTRATO (nro_contrato, cod_producto, cod_cliente, fecha_inicio, fecha_fin, monto, estado_contrato) VALUES ('CT-0026', 'P02', 'C027', '2025-03-16', '2026-03-16', 1215.33, 'suspendido');
INSERT INTO REGISTRO_CONTRATO (nro_contrato, cod_producto, cod_cliente, fecha_inicio, fecha_fin, monto, estado_contrato) VALUES ('CT-0027', 'P03', 'C042', '2025-09-25', '2026-09-25', 1440.84, 'vencido');
INSERT INTO REGISTRO_CONTRATO (nro_contrato, cod_producto, cod_cliente, fecha_inicio, fecha_fin, monto, estado_contrato) VALUES ('CT-0028', 'P04', 'C094', '2026-01-04', '2027-01-04', 2322.04, 'activo');
INSERT INTO REGISTRO_CONTRATO (nro_contrato, cod_producto, cod_cliente, fecha_inicio, fecha_fin, monto, estado_contrato) VALUES ('CT-0029', 'P02', 'C056', '2025-08-26', '2026-08-26', 1610.35, 'suspendido');
INSERT INTO REGISTRO_CONTRATO (nro_contrato, cod_producto, cod_cliente, fecha_inicio, fecha_fin, monto, estado_contrato) VALUES ('CT-0030', 'P01', 'C024', '2024-04-02', '2025-04-02', 999.85, 'suspendido');
INSERT INTO REGISTRO_CONTRATO (nro_contrato, cod_producto, cod_cliente, fecha_inicio, fecha_fin, monto, estado_contrato) VALUES ('CT-0031', 'P04', 'C079', '2026-04-07', '2027-04-07', 773.61, 'vencido');
INSERT INTO REGISTRO_CONTRATO (nro_contrato, cod_producto, cod_cliente, fecha_inicio, fecha_fin, monto, estado_contrato) VALUES ('CT-0032', 'P02', 'C015', '2024-02-26', '2025-02-25', 1395.42, 'suspendido');
INSERT INTO REGISTRO_CONTRATO (nro_contrato, cod_producto, cod_cliente, fecha_inicio, fecha_fin, monto, estado_contrato) VALUES ('CT-0033', 'P03', 'C046', '2024-01-30', '2025-01-29', 2227.55, 'suspendido');
INSERT INTO REGISTRO_CONTRATO (nro_contrato, cod_producto, cod_cliente, fecha_inicio, fecha_fin, monto, estado_contrato) VALUES ('CT-0034', 'P04', 'C095', '2025-06-26', '2026-06-26', 415.98, 'vencido');
INSERT INTO REGISTRO_CONTRATO (nro_contrato, cod_producto, cod_cliente, fecha_inicio, fecha_fin, monto, estado_contrato) VALUES ('CT-0035', 'P01', 'C095', '2024-02-13', '2025-02-12', 1734.53, 'vencido');
INSERT INTO REGISTRO_CONTRATO (nro_contrato, cod_producto, cod_cliente, fecha_inicio, fecha_fin, monto, estado_contrato) VALUES ('CT-0036', 'P04', 'C011', '2025-09-11', '2026-09-11', 1421.17, 'vencido');
INSERT INTO REGISTRO_CONTRATO (nro_contrato, cod_producto, cod_cliente, fecha_inicio, fecha_fin, monto, estado_contrato) VALUES ('CT-0037', 'P02', 'C073', '2024-08-15', '2025-08-15', 1744.69, 'suspendido');
INSERT INTO REGISTRO_CONTRATO (nro_contrato, cod_producto, cod_cliente, fecha_inicio, fecha_fin, monto, estado_contrato) VALUES ('CT-0038', 'P01', 'C020', '2024-01-01', '2024-12-31', 358.98, 'vencido');
INSERT INTO REGISTRO_CONTRATO (nro_contrato, cod_producto, cod_cliente, fecha_inicio, fecha_fin, monto, estado_contrato) VALUES ('CT-0039', 'P04', 'C098', '2023-12-15', '2024-12-14', 739.97, 'suspendido');
INSERT INTO REGISTRO_CONTRATO (nro_contrato, cod_producto, cod_cliente, fecha_inicio, fecha_fin, monto, estado_contrato) VALUES ('CT-0040', 'P04', 'C043', '2026-02-11', '2027-02-11', 2215.97, 'suspendido');
INSERT INTO REGISTRO_CONTRATO (nro_contrato, cod_producto, cod_cliente, fecha_inicio, fecha_fin, monto, estado_contrato) VALUES ('CT-0041', 'P04', 'C005', '2026-01-19', '2027-01-19', 2307.38, 'vencido');
INSERT INTO REGISTRO_CONTRATO (nro_contrato, cod_producto, cod_cliente, fecha_inicio, fecha_fin, monto, estado_contrato) VALUES ('CT-0042', 'P01', 'C098', '2023-09-12', '2024-09-11', 2160.97, 'suspendido');
INSERT INTO REGISTRO_CONTRATO (nro_contrato, cod_producto, cod_cliente, fecha_inicio, fecha_fin, monto, estado_contrato) VALUES ('CT-0043', 'P02', 'C081', '2024-07-22', '2025-07-22', 786.79, 'vencido');
INSERT INTO REGISTRO_CONTRATO (nro_contrato, cod_producto, cod_cliente, fecha_inicio, fecha_fin, monto, estado_contrato) VALUES ('CT-0044', 'P03', 'C006', '2025-04-19', '2026-04-19', 702.38, 'activo');
INSERT INTO REGISTRO_CONTRATO (nro_contrato, cod_producto, cod_cliente, fecha_inicio, fecha_fin, monto, estado_contrato) VALUES ('CT-0045', 'P04', 'C035', '2025-11-03', '2026-11-03', 2313.06, 'vencido');
INSERT INTO REGISTRO_CONTRATO (nro_contrato, cod_producto, cod_cliente, fecha_inicio, fecha_fin, monto, estado_contrato) VALUES ('CT-0046', 'P01', 'C041', '2024-05-19', '2025-05-19', 1766.13, 'suspendido');
INSERT INTO REGISTRO_CONTRATO (nro_contrato, cod_producto, cod_cliente, fecha_inicio, fecha_fin, monto, estado_contrato) VALUES ('CT-0047', 'P04', 'C017', '2026-05-15', '2027-05-15', 1657.2, 'activo');
INSERT INTO REGISTRO_CONTRATO (nro_contrato, cod_producto, cod_cliente, fecha_inicio, fecha_fin, monto, estado_contrato) VALUES ('CT-0048', 'P03', 'C095', '2024-07-10', '2025-07-10', 708.35, 'suspendido');
INSERT INTO REGISTRO_CONTRATO (nro_contrato, cod_producto, cod_cliente, fecha_inicio, fecha_fin, monto, estado_contrato) VALUES ('CT-0049', 'P03', 'C086', '2024-09-07', '2025-09-07', 1622.75, 'activo');
INSERT INTO REGISTRO_CONTRATO (nro_contrato, cod_producto, cod_cliente, fecha_inicio, fecha_fin, monto, estado_contrato) VALUES ('CT-0050', 'P04', 'C067', '2024-12-18', '2025-12-18', 362.81, 'suspendido');
INSERT INTO REGISTRO_CONTRATO (nro_contrato, cod_producto, cod_cliente, fecha_inicio, fecha_fin, monto, estado_contrato) VALUES ('CT-0051', 'P01', 'C064', '2024-03-30', '2025-03-30', 2246.42, 'vencido');
INSERT INTO REGISTRO_CONTRATO (nro_contrato, cod_producto, cod_cliente, fecha_inicio, fecha_fin, monto, estado_contrato) VALUES ('CT-0052', 'P04', 'C022', '2024-01-22', '2025-01-21', 366.91, 'suspendido');
INSERT INTO REGISTRO_CONTRATO (nro_contrato, cod_producto, cod_cliente, fecha_inicio, fecha_fin, monto, estado_contrato) VALUES ('CT-0053', 'P04', 'C039', '2025-07-12', '2026-07-12', 1036.54, 'activo');
INSERT INTO REGISTRO_CONTRATO (nro_contrato, cod_producto, cod_cliente, fecha_inicio, fecha_fin, monto, estado_contrato) VALUES ('CT-0054', 'P01', 'C046', '2024-12-20', '2025-12-20', 1513.03, 'vencido');
INSERT INTO REGISTRO_CONTRATO (nro_contrato, cod_producto, cod_cliente, fecha_inicio, fecha_fin, monto, estado_contrato) VALUES ('CT-0055', 'P04', 'C042', '2026-01-04', '2027-01-04', 2487.45, 'suspendido');
INSERT INTO REGISTRO_CONTRATO (nro_contrato, cod_producto, cod_cliente, fecha_inicio, fecha_fin, monto, estado_contrato) VALUES ('CT-0056', 'P02', 'C003', '2023-11-04', '2024-11-03', 909.48, 'activo');
INSERT INTO REGISTRO_CONTRATO (nro_contrato, cod_producto, cod_cliente, fecha_inicio, fecha_fin, monto, estado_contrato) VALUES ('CT-0057', 'P01', 'C090', '2025-11-03', '2026-11-03', 332.92, 'suspendido');
INSERT INTO REGISTRO_CONTRATO (nro_contrato, cod_producto, cod_cliente, fecha_inicio, fecha_fin, monto, estado_contrato) VALUES ('CT-0058', 'P01', 'C059', '2025-01-10', '2026-01-10', 335.16, 'activo');
INSERT INTO REGISTRO_CONTRATO (nro_contrato, cod_producto, cod_cliente, fecha_inicio, fecha_fin, monto, estado_contrato) VALUES ('CT-0059', 'P02', 'C044', '2024-05-28', '2025-05-28', 419.97, 'vencido');
INSERT INTO REGISTRO_CONTRATO (nro_contrato, cod_producto, cod_cliente, fecha_inicio, fecha_fin, monto, estado_contrato) VALUES ('CT-0060', 'P01', 'C036', '2024-09-05', '2025-09-05', 192.91, 'suspendido');
INSERT INTO REGISTRO_CONTRATO (nro_contrato, cod_producto, cod_cliente, fecha_inicio, fecha_fin, monto, estado_contrato) VALUES ('CT-0061', 'P03', 'C078', '2026-05-16', '2027-05-16', 2150.06, 'suspendido');
INSERT INTO REGISTRO_CONTRATO (nro_contrato, cod_producto, cod_cliente, fecha_inicio, fecha_fin, monto, estado_contrato) VALUES ('CT-0062', 'P02', 'C068', '2024-10-12', '2025-10-12', 1502.1, 'activo');
INSERT INTO REGISTRO_CONTRATO (nro_contrato, cod_producto, cod_cliente, fecha_inicio, fecha_fin, monto, estado_contrato) VALUES ('CT-0063', 'P02', 'C090', '2024-06-07', '2025-06-07', 541.64, 'vencido');
INSERT INTO REGISTRO_CONTRATO (nro_contrato, cod_producto, cod_cliente, fecha_inicio, fecha_fin, monto, estado_contrato) VALUES ('CT-0064', 'P03', 'C037', '2024-11-08', '2025-11-08', 2462.33, 'suspendido');
INSERT INTO REGISTRO_CONTRATO (nro_contrato, cod_producto, cod_cliente, fecha_inicio, fecha_fin, monto, estado_contrato) VALUES ('CT-0065', 'P04', 'C038', '2025-03-17', '2026-03-17', 2387.31, 'vencido');
INSERT INTO REGISTRO_CONTRATO (nro_contrato, cod_producto, cod_cliente, fecha_inicio, fecha_fin, monto, estado_contrato) VALUES ('CT-0066', 'P01', 'C049', '2025-08-28', '2026-08-28', 700.66, 'suspendido');
INSERT INTO REGISTRO_CONTRATO (nro_contrato, cod_producto, cod_cliente, fecha_inicio, fecha_fin, monto, estado_contrato) VALUES ('CT-0067', 'P04', 'C076', '2025-01-11', '2026-01-11', 378.51, 'vencido');
INSERT INTO REGISTRO_CONTRATO (nro_contrato, cod_producto, cod_cliente, fecha_inicio, fecha_fin, monto, estado_contrato) VALUES ('CT-0068', 'P04', 'C038', '2026-06-14', '2027-06-14', 1252.92, 'suspendido');
INSERT INTO REGISTRO_CONTRATO (nro_contrato, cod_producto, cod_cliente, fecha_inicio, fecha_fin, monto, estado_contrato) VALUES ('CT-0069', 'P01', 'C093', '2023-10-25', '2024-10-24', 585.99, 'suspendido');
INSERT INTO REGISTRO_CONTRATO (nro_contrato, cod_producto, cod_cliente, fecha_inicio, fecha_fin, monto, estado_contrato) VALUES ('CT-0070', 'P01', 'C048', '2025-10-11', '2026-10-11', 2391.64, 'vencido');
INSERT INTO REGISTRO_CONTRATO (nro_contrato, cod_producto, cod_cliente, fecha_inicio, fecha_fin, monto, estado_contrato) VALUES ('CT-0071', 'P01', 'C082', '2023-11-16', '2024-11-15', 1618.16, 'vencido');
INSERT INTO REGISTRO_CONTRATO (nro_contrato, cod_producto, cod_cliente, fecha_inicio, fecha_fin, monto, estado_contrato) VALUES ('CT-0072', 'P04', 'C026', '2025-12-16', '2026-12-16', 322.05, 'suspendido');
INSERT INTO REGISTRO_CONTRATO (nro_contrato, cod_producto, cod_cliente, fecha_inicio, fecha_fin, monto, estado_contrato) VALUES ('CT-0073', 'P01', 'C043', '2024-10-15', '2025-10-15', 395.08, 'vencido');
INSERT INTO REGISTRO_CONTRATO (nro_contrato, cod_producto, cod_cliente, fecha_inicio, fecha_fin, monto, estado_contrato) VALUES ('CT-0074', 'P03', 'C001', '2025-04-27', '2026-04-27', 268.36, 'vencido');
INSERT INTO REGISTRO_CONTRATO (nro_contrato, cod_producto, cod_cliente, fecha_inicio, fecha_fin, monto, estado_contrato) VALUES ('CT-0075', 'P04', 'C088', '2025-11-24', '2026-11-24', 2496.66, 'activo');
INSERT INTO REGISTRO_CONTRATO (nro_contrato, cod_producto, cod_cliente, fecha_inicio, fecha_fin, monto, estado_contrato) VALUES ('CT-0076', 'P04', 'C080', '2024-01-24', '2025-01-23', 1914.75, 'vencido');
INSERT INTO REGISTRO_CONTRATO (nro_contrato, cod_producto, cod_cliente, fecha_inicio, fecha_fin, monto, estado_contrato) VALUES ('CT-0077', 'P02', 'C060', '2025-11-18', '2026-11-18', 1995.96, 'activo');
INSERT INTO REGISTRO_CONTRATO (nro_contrato, cod_producto, cod_cliente, fecha_inicio, fecha_fin, monto, estado_contrato) VALUES ('CT-0078', 'P02', 'C075', '2025-11-17', '2026-11-17', 1761.44, 'suspendido');
INSERT INTO REGISTRO_CONTRATO (nro_contrato, cod_producto, cod_cliente, fecha_inicio, fecha_fin, monto, estado_contrato) VALUES ('CT-0079', 'P03', 'C029', '2025-05-27', '2026-05-27', 904.53, 'suspendido');
INSERT INTO REGISTRO_CONTRATO (nro_contrato, cod_producto, cod_cliente, fecha_inicio, fecha_fin, monto, estado_contrato) VALUES ('CT-0080', 'P03', 'C057', '2024-05-26', '2025-05-26', 1168.64, 'suspendido');
INSERT INTO REGISTRO_CONTRATO (nro_contrato, cod_producto, cod_cliente, fecha_inicio, fecha_fin, monto, estado_contrato) VALUES ('CT-0081', 'P01', 'C021', '2025-07-20', '2026-07-20', 1292.26, 'vencido');
INSERT INTO REGISTRO_CONTRATO (nro_contrato, cod_producto, cod_cliente, fecha_inicio, fecha_fin, monto, estado_contrato) VALUES ('CT-0082', 'P02', 'C079', '2024-09-17', '2025-09-17', 186.28, 'activo');
INSERT INTO REGISTRO_CONTRATO (nro_contrato, cod_producto, cod_cliente, fecha_inicio, fecha_fin, monto, estado_contrato) VALUES ('CT-0083', 'P03', 'C032', '2024-03-06', '2025-03-06', 482.74, 'suspendido');
INSERT INTO REGISTRO_CONTRATO (nro_contrato, cod_producto, cod_cliente, fecha_inicio, fecha_fin, monto, estado_contrato) VALUES ('CT-0084', 'P01', 'C019', '2025-09-05', '2026-09-05', 2272.61, 'activo');
INSERT INTO REGISTRO_CONTRATO (nro_contrato, cod_producto, cod_cliente, fecha_inicio, fecha_fin, monto, estado_contrato) VALUES ('CT-0085', 'P02', 'C038', '2024-03-24', '2025-03-24', 2105.12, 'activo');
INSERT INTO REGISTRO_CONTRATO (nro_contrato, cod_producto, cod_cliente, fecha_inicio, fecha_fin, monto, estado_contrato) VALUES ('CT-0086', 'P02', 'C095', '2024-04-16', '2025-04-16', 2322.89, 'vencido');
INSERT INTO REGISTRO_CONTRATO (nro_contrato, cod_producto, cod_cliente, fecha_inicio, fecha_fin, monto, estado_contrato) VALUES ('CT-0087', 'P04', 'C059', '2025-02-09', '2026-02-09', 1295.15, 'suspendido');
INSERT INTO REGISTRO_CONTRATO (nro_contrato, cod_producto, cod_cliente, fecha_inicio, fecha_fin, monto, estado_contrato) VALUES ('CT-0088', 'P02', 'C073', '2024-05-18', '2025-05-18', 1507.69, 'activo');
INSERT INTO REGISTRO_CONTRATO (nro_contrato, cod_producto, cod_cliente, fecha_inicio, fecha_fin, monto, estado_contrato) VALUES ('CT-0089', 'P03', 'C052', '2024-12-01', '2025-12-01', 225.95, 'vencido');
INSERT INTO REGISTRO_CONTRATO (nro_contrato, cod_producto, cod_cliente, fecha_inicio, fecha_fin, monto, estado_contrato) VALUES ('CT-0090', 'P01', 'C033', '2025-11-11', '2026-11-11', 357.38, 'vencido');
INSERT INTO REGISTRO_CONTRATO (nro_contrato, cod_producto, cod_cliente, fecha_inicio, fecha_fin, monto, estado_contrato) VALUES ('CT-0091', 'P04', 'C053', '2024-02-21', '2025-02-20', 1677.87, 'vencido');
INSERT INTO REGISTRO_CONTRATO (nro_contrato, cod_producto, cod_cliente, fecha_inicio, fecha_fin, monto, estado_contrato) VALUES ('CT-0092', 'P02', 'C042', '2024-04-14', '2025-04-14', 1174.35, 'suspendido');
INSERT INTO REGISTRO_CONTRATO (nro_contrato, cod_producto, cod_cliente, fecha_inicio, fecha_fin, monto, estado_contrato) VALUES ('CT-0093', 'P04', 'C011', '2026-06-27', '2027-06-27', 2131.1, 'activo');
INSERT INTO REGISTRO_CONTRATO (nro_contrato, cod_producto, cod_cliente, fecha_inicio, fecha_fin, monto, estado_contrato) VALUES ('CT-0094', 'P04', 'C022', '2025-04-21', '2026-04-21', 2218.84, 'vencido');
INSERT INTO REGISTRO_CONTRATO (nro_contrato, cod_producto, cod_cliente, fecha_inicio, fecha_fin, monto, estado_contrato) VALUES ('CT-0095', 'P02', 'C039', '2024-11-11', '2025-11-11', 338.57, 'vencido');
INSERT INTO REGISTRO_CONTRATO (nro_contrato, cod_producto, cod_cliente, fecha_inicio, fecha_fin, monto, estado_contrato) VALUES ('CT-0096', 'P01', 'C044', '2024-12-01', '2025-12-01', 751.72, 'suspendido');
INSERT INTO REGISTRO_CONTRATO (nro_contrato, cod_producto, cod_cliente, fecha_inicio, fecha_fin, monto, estado_contrato) VALUES ('CT-0097', 'P04', 'C006', '2026-06-26', '2027-06-26', 194.26, 'vencido');
INSERT INTO REGISTRO_CONTRATO (nro_contrato, cod_producto, cod_cliente, fecha_inicio, fecha_fin, monto, estado_contrato) VALUES ('CT-0098', 'P03', 'C088', '2025-11-23', '2026-11-23', 1768.02, 'suspendido');
INSERT INTO REGISTRO_CONTRATO (nro_contrato, cod_producto, cod_cliente, fecha_inicio, fecha_fin, monto, estado_contrato) VALUES ('CT-0099', 'P02', 'C098', '2023-12-06', '2024-12-05', 2308.41, 'vencido');
INSERT INTO REGISTRO_CONTRATO (nro_contrato, cod_producto, cod_cliente, fecha_inicio, fecha_fin, monto, estado_contrato) VALUES ('CT-0100', 'P02', 'C042', '2025-07-25', '2026-07-25', 1550.89, 'activo');
INSERT INTO REGISTRO_CONTRATO (nro_contrato, cod_producto, cod_cliente, fecha_inicio, fecha_fin, monto, estado_contrato) VALUES ('CT-0101', 'P04', 'C070', '2024-09-02', '2025-09-02', 201.66, 'suspendido');
INSERT INTO REGISTRO_CONTRATO (nro_contrato, cod_producto, cod_cliente, fecha_inicio, fecha_fin, monto, estado_contrato) VALUES ('CT-0102', 'P04', 'C026', '2024-02-26', '2025-02-25', 333.26, 'vencido');
INSERT INTO REGISTRO_CONTRATO (nro_contrato, cod_producto, cod_cliente, fecha_inicio, fecha_fin, monto, estado_contrato) VALUES ('CT-0103', 'P03', 'C096', '2026-06-24', '2027-06-24', 706.36, 'suspendido');
INSERT INTO REGISTRO_CONTRATO (nro_contrato, cod_producto, cod_cliente, fecha_inicio, fecha_fin, monto, estado_contrato) VALUES ('CT-0104', 'P02', 'C089', '2024-06-03', '2025-06-03', 2298.2, 'suspendido');
INSERT INTO REGISTRO_CONTRATO (nro_contrato, cod_producto, cod_cliente, fecha_inicio, fecha_fin, monto, estado_contrato) VALUES ('CT-0105', 'P03', 'C038', '2024-04-23', '2025-04-23', 741.67, 'suspendido');
INSERT INTO REGISTRO_CONTRATO (nro_contrato, cod_producto, cod_cliente, fecha_inicio, fecha_fin, monto, estado_contrato) VALUES ('CT-0106', 'P03', 'C099', '2025-02-04', '2026-02-04', 1141.23, 'suspendido');
INSERT INTO REGISTRO_CONTRATO (nro_contrato, cod_producto, cod_cliente, fecha_inicio, fecha_fin, monto, estado_contrato) VALUES ('CT-0107', 'P02', 'C014', '2023-11-18', '2024-11-17', 1503.84, 'vencido');
INSERT INTO REGISTRO_CONTRATO (nro_contrato, cod_producto, cod_cliente, fecha_inicio, fecha_fin, monto, estado_contrato) VALUES ('CT-0108', 'P01', 'C036', '2025-09-09', '2026-09-09', 298.79, 'vencido');
INSERT INTO REGISTRO_CONTRATO (nro_contrato, cod_producto, cod_cliente, fecha_inicio, fecha_fin, monto, estado_contrato) VALUES ('CT-0109', 'P01', 'C047', '2026-05-14', '2027-05-14', 1251.82, 'activo');
INSERT INTO REGISTRO_CONTRATO (nro_contrato, cod_producto, cod_cliente, fecha_inicio, fecha_fin, monto, estado_contrato) VALUES ('CT-0110', 'P02', 'C099', '2024-02-18', '2025-02-17', 1165.55, 'activo');
INSERT INTO REGISTRO_CONTRATO (nro_contrato, cod_producto, cod_cliente, fecha_inicio, fecha_fin, monto, estado_contrato) VALUES ('CT-0111', 'P01', 'C043', '2024-08-28', '2025-08-28', 370.66, 'vencido');
INSERT INTO REGISTRO_CONTRATO (nro_contrato, cod_producto, cod_cliente, fecha_inicio, fecha_fin, monto, estado_contrato) VALUES ('CT-0112', 'P03', 'C025', '2024-03-06', '2025-03-06', 449.7, 'activo');
INSERT INTO REGISTRO_CONTRATO (nro_contrato, cod_producto, cod_cliente, fecha_inicio, fecha_fin, monto, estado_contrato) VALUES ('CT-0113', 'P01', 'C025', '2024-06-30', '2025-06-30', 295.41, 'suspendido');
INSERT INTO REGISTRO_CONTRATO (nro_contrato, cod_producto, cod_cliente, fecha_inicio, fecha_fin, monto, estado_contrato) VALUES ('CT-0114', 'P04', 'C068', '2026-01-27', '2027-01-27', 1351.29, 'vencido');
INSERT INTO REGISTRO_CONTRATO (nro_contrato, cod_producto, cod_cliente, fecha_inicio, fecha_fin, monto, estado_contrato) VALUES ('CT-0115', 'P02', 'C077', '2025-12-02', '2026-12-02', 1042.6, 'suspendido');
INSERT INTO REGISTRO_CONTRATO (nro_contrato, cod_producto, cod_cliente, fecha_inicio, fecha_fin, monto, estado_contrato) VALUES ('CT-0116', 'P01', 'C096', '2023-10-21', '2024-10-20', 1092.84, 'activo');
INSERT INTO REGISTRO_CONTRATO (nro_contrato, cod_producto, cod_cliente, fecha_inicio, fecha_fin, monto, estado_contrato) VALUES ('CT-0117', 'P03', 'C074', '2024-04-19', '2025-04-19', 1526.75, 'vencido');
INSERT INTO REGISTRO_CONTRATO (nro_contrato, cod_producto, cod_cliente, fecha_inicio, fecha_fin, monto, estado_contrato) VALUES ('CT-0118', 'P01', 'C027', '2025-06-26', '2026-06-26', 1809.99, 'vencido');
INSERT INTO REGISTRO_CONTRATO (nro_contrato, cod_producto, cod_cliente, fecha_inicio, fecha_fin, monto, estado_contrato) VALUES ('CT-0119', 'P01', 'C041', '2023-10-19', '2024-10-18', 1424.83, 'vencido');
INSERT INTO REGISTRO_CONTRATO (nro_contrato, cod_producto, cod_cliente, fecha_inicio, fecha_fin, monto, estado_contrato) VALUES ('CT-0120', 'P01', 'C098', '2026-06-02', '2027-06-02', 418.89, 'activo');
INSERT INTO REGISTRO_CONTRATO (nro_contrato, cod_producto, cod_cliente, fecha_inicio, fecha_fin, monto, estado_contrato) VALUES ('CT-0121', 'P02', 'C014', '2025-08-26', '2026-08-26', 2178.22, 'vencido');
INSERT INTO REGISTRO_CONTRATO (nro_contrato, cod_producto, cod_cliente, fecha_inicio, fecha_fin, monto, estado_contrato) VALUES ('CT-0122', 'P04', 'C041', '2025-06-06', '2026-06-06', 807.13, 'vencido');
INSERT INTO REGISTRO_CONTRATO (nro_contrato, cod_producto, cod_cliente, fecha_inicio, fecha_fin, monto, estado_contrato) VALUES ('CT-0123', 'P02', 'C003', '2025-11-08', '2026-11-08', 1122.75, 'suspendido');
INSERT INTO REGISTRO_CONTRATO (nro_contrato, cod_producto, cod_cliente, fecha_inicio, fecha_fin, monto, estado_contrato) VALUES ('CT-0124', 'P04', 'C016', '2024-10-25', '2025-10-25', 1276.98, 'vencido');
INSERT INTO REGISTRO_CONTRATO (nro_contrato, cod_producto, cod_cliente, fecha_inicio, fecha_fin, monto, estado_contrato) VALUES ('CT-0125', 'P03', 'C038', '2024-03-30', '2025-03-30', 806.14, 'suspendido');
INSERT INTO REGISTRO_CONTRATO (nro_contrato, cod_producto, cod_cliente, fecha_inicio, fecha_fin, monto, estado_contrato) VALUES ('CT-0126', 'P03', 'C093', '2024-11-15', '2025-11-15', 2177.35, 'vencido');
INSERT INTO REGISTRO_CONTRATO (nro_contrato, cod_producto, cod_cliente, fecha_inicio, fecha_fin, monto, estado_contrato) VALUES ('CT-0127', 'P02', 'C016', '2023-10-14', '2024-10-13', 509.56, 'vencido');
INSERT INTO REGISTRO_CONTRATO (nro_contrato, cod_producto, cod_cliente, fecha_inicio, fecha_fin, monto, estado_contrato) VALUES ('CT-0128', 'P01', 'C015', '2024-02-03', '2025-02-02', 211.15, 'activo');
INSERT INTO REGISTRO_CONTRATO (nro_contrato, cod_producto, cod_cliente, fecha_inicio, fecha_fin, monto, estado_contrato) VALUES ('CT-0129', 'P03', 'C016', '2024-06-08', '2025-06-08', 390.9, 'activo');
INSERT INTO REGISTRO_CONTRATO (nro_contrato, cod_producto, cod_cliente, fecha_inicio, fecha_fin, monto, estado_contrato) VALUES ('CT-0130', 'P03', 'C066', '2026-07-11', '2027-07-11', 1417.47, 'vencido');
INSERT INTO REGISTRO_CONTRATO (nro_contrato, cod_producto, cod_cliente, fecha_inicio, fecha_fin, monto, estado_contrato) VALUES ('CT-0131', 'P01', 'C079', '2024-07-22', '2025-07-22', 1756.66, 'activo');
INSERT INTO REGISTRO_CONTRATO (nro_contrato, cod_producto, cod_cliente, fecha_inicio, fecha_fin, monto, estado_contrato) VALUES ('CT-0132', 'P01', 'C086', '2024-12-16', '2025-12-16', 1760.16, 'suspendido');
INSERT INTO REGISTRO_CONTRATO (nro_contrato, cod_producto, cod_cliente, fecha_inicio, fecha_fin, monto, estado_contrato) VALUES ('CT-0133', 'P02', 'C072', '2026-01-22', '2027-01-22', 257.76, 'activo');
INSERT INTO REGISTRO_CONTRATO (nro_contrato, cod_producto, cod_cliente, fecha_inicio, fecha_fin, monto, estado_contrato) VALUES ('CT-0134', 'P03', 'C099', '2023-08-24', '2024-08-23', 301.79, 'activo');
INSERT INTO REGISTRO_CONTRATO (nro_contrato, cod_producto, cod_cliente, fecha_inicio, fecha_fin, monto, estado_contrato) VALUES ('CT-0135', 'P01', 'C016', '2023-07-16', '2024-07-15', 1341.81, 'vencido');
INSERT INTO REGISTRO_CONTRATO (nro_contrato, cod_producto, cod_cliente, fecha_inicio, fecha_fin, monto, estado_contrato) VALUES ('CT-0136', 'P03', 'C087', '2023-10-05', '2024-10-04', 2326.46, 'suspendido');
INSERT INTO REGISTRO_CONTRATO (nro_contrato, cod_producto, cod_cliente, fecha_inicio, fecha_fin, monto, estado_contrato) VALUES ('CT-0137', 'P03', 'C076', '2024-09-09', '2025-09-09', 1394.88, 'vencido');
INSERT INTO REGISTRO_CONTRATO (nro_contrato, cod_producto, cod_cliente, fecha_inicio, fecha_fin, monto, estado_contrato) VALUES ('CT-0138', 'P01', 'C100', '2026-02-19', '2027-02-19', 2107.68, 'activo');
INSERT INTO REGISTRO_CONTRATO (nro_contrato, cod_producto, cod_cliente, fecha_inicio, fecha_fin, monto, estado_contrato) VALUES ('CT-0139', 'P02', 'C014', '2024-02-28', '2025-02-27', 1582.05, 'suspendido');
INSERT INTO REGISTRO_CONTRATO (nro_contrato, cod_producto, cod_cliente, fecha_inicio, fecha_fin, monto, estado_contrato) VALUES ('CT-0140', 'P03', 'C011', '2026-06-04', '2027-06-04', 1687.1, 'suspendido');
INSERT INTO REGISTRO_CONTRATO (nro_contrato, cod_producto, cod_cliente, fecha_inicio, fecha_fin, monto, estado_contrato) VALUES ('CT-0141', 'P04', 'C055', '2024-06-28', '2025-06-28', 2359.61, 'activo');
INSERT INTO REGISTRO_CONTRATO (nro_contrato, cod_producto, cod_cliente, fecha_inicio, fecha_fin, monto, estado_contrato) VALUES ('CT-0142', 'P03', 'C062', '2025-09-14', '2026-09-14', 1613.78, 'vencido');
INSERT INTO REGISTRO_CONTRATO (nro_contrato, cod_producto, cod_cliente, fecha_inicio, fecha_fin, monto, estado_contrato) VALUES ('CT-0143', 'P04', 'C100', '2024-12-18', '2025-12-18', 1577.56, 'suspendido');
INSERT INTO REGISTRO_CONTRATO (nro_contrato, cod_producto, cod_cliente, fecha_inicio, fecha_fin, monto, estado_contrato) VALUES ('CT-0144', 'P03', 'C083', '2026-07-07', '2027-07-07', 1004.47, 'activo');
INSERT INTO REGISTRO_CONTRATO (nro_contrato, cod_producto, cod_cliente, fecha_inicio, fecha_fin, monto, estado_contrato) VALUES ('CT-0145', 'P01', 'C006', '2025-03-14', '2026-03-14', 1022.04, 'activo');
INSERT INTO REGISTRO_CONTRATO (nro_contrato, cod_producto, cod_cliente, fecha_inicio, fecha_fin, monto, estado_contrato) VALUES ('CT-0146', 'P02', 'C054', '2024-10-28', '2025-10-28', 1428.44, 'vencido');
INSERT INTO REGISTRO_CONTRATO (nro_contrato, cod_producto, cod_cliente, fecha_inicio, fecha_fin, monto, estado_contrato) VALUES ('CT-0147', 'P01', 'C047', '2023-09-27', '2024-09-26', 1899.11, 'vencido');
INSERT INTO REGISTRO_CONTRATO (nro_contrato, cod_producto, cod_cliente, fecha_inicio, fecha_fin, monto, estado_contrato) VALUES ('CT-0148', 'P02', 'C070', '2024-05-14', '2025-05-14', 485.63, 'vencido');
INSERT INTO REGISTRO_CONTRATO (nro_contrato, cod_producto, cod_cliente, fecha_inicio, fecha_fin, monto, estado_contrato) VALUES ('CT-0149', 'P02', 'C057', '2024-09-26', '2025-09-26', 1426.47, 'vencido');
INSERT INTO REGISTRO_CONTRATO (nro_contrato, cod_producto, cod_cliente, fecha_inicio, fecha_fin, monto, estado_contrato) VALUES ('CT-0150', 'P04', 'C088', '2024-04-21', '2025-04-21', 2178.37, 'activo');

-- 11. SINIESTRO
INSERT INTO SINIESTRO (nro_siniestro, descripcion_siniestro) VALUES ('SIN-01', 'Choque vehicular');
INSERT INTO SINIESTRO (nro_siniestro, descripcion_siniestro) VALUES ('SIN-02', 'Robo de vehiculo');
INSERT INTO SINIESTRO (nro_siniestro, descripcion_siniestro) VALUES ('SIN-03', 'Emergencia medica general');
INSERT INTO SINIESTRO (nro_siniestro, descripcion_siniestro) VALUES ('SIN-04', 'Incendio estructural leve');
INSERT INTO SINIESTRO (nro_siniestro, descripcion_siniestro) VALUES ('SIN-05', 'Dano por agua en vivienda');

-- 12. REGISTRO_SINIESTRO
INSERT INTO REGISTRO_SINIESTRO (nro_siniestro, nro_contrato, fecha_siniestro, fecha_respuesta, id_rechazo, monto_reconocido, monto_solicitado) VALUES ('SIN-02', 'CT-0046', '2024-06-14', '2024-06-16', 'NO', 480.51, 480.51);
INSERT INTO REGISTRO_SINIESTRO (nro_siniestro, nro_contrato, fecha_siniestro, fecha_respuesta, id_rechazo, monto_reconocido, monto_solicitado) VALUES ('SIN-01', 'CT-0047', '2026-12-06', '2027-01-01', 'SI', 0.0, 252.34);
INSERT INTO REGISTRO_SINIESTRO (nro_siniestro, nro_contrato, fecha_siniestro, fecha_respuesta, id_rechazo, monto_reconocido, monto_solicitado) VALUES ('SIN-03', 'CT-0078', '2026-04-09', '2026-04-19', 'SI', 0.0, 4847.84);
INSERT INTO REGISTRO_SINIESTRO (nro_siniestro, nro_contrato, fecha_siniestro, fecha_respuesta, id_rechazo, monto_reconocido, monto_solicitado) VALUES ('SIN-01', 'CT-0027', '2025-12-29', '2025-12-31', 'SI', 0.0, 1406.14);
INSERT INTO REGISTRO_SINIESTRO (nro_siniestro, nro_contrato, fecha_siniestro, fecha_respuesta, id_rechazo, monto_reconocido, monto_solicitado) VALUES ('SIN-04', 'CT-0066', '2025-09-08', '2025-09-17', 'NO', 2692.1, 2692.1);
INSERT INTO REGISTRO_SINIESTRO (nro_siniestro, nro_contrato, fecha_siniestro, fecha_respuesta, id_rechazo, monto_reconocido, monto_solicitado) VALUES ('SIN-04', 'CT-0042', '2024-03-14', '2024-03-28', 'SI', 0.0, 3898.93);
INSERT INTO REGISTRO_SINIESTRO (nro_siniestro, nro_contrato, fecha_siniestro, fecha_respuesta, id_rechazo, monto_reconocido, monto_solicitado) VALUES ('SIN-01', 'CT-0123', '2026-02-25', '2026-03-23', 'SI', 0.0, 4182.86);
INSERT INTO REGISTRO_SINIESTRO (nro_siniestro, nro_contrato, fecha_siniestro, fecha_respuesta, id_rechazo, monto_reconocido, monto_solicitado) VALUES ('SIN-05', 'CT-0062', '2025-06-25', '2025-07-19', 'NO', 4016.14, 4016.14);
INSERT INTO REGISTRO_SINIESTRO (nro_siniestro, nro_contrato, fecha_siniestro, fecha_respuesta, id_rechazo, monto_reconocido, monto_solicitado) VALUES ('SIN-03', 'CT-0107', '2024-01-19', '2024-02-08', 'NO', 4288.09, 4288.09);
INSERT INTO REGISTRO_SINIESTRO (nro_siniestro, nro_contrato, fecha_siniestro, fecha_respuesta, id_rechazo, monto_reconocido, monto_solicitado) VALUES ('SIN-05', 'CT-0149', '2025-03-14', '2025-03-19', 'SI', 0.0, 4529.21);
INSERT INTO REGISTRO_SINIESTRO (nro_siniestro, nro_contrato, fecha_siniestro, fecha_respuesta, id_rechazo, monto_reconocido, monto_solicitado) VALUES ('SIN-03', 'CT-0002', '2024-06-01', '2024-06-30', 'SI', 0.0, 2654.08);
INSERT INTO REGISTRO_SINIESTRO (nro_siniestro, nro_contrato, fecha_siniestro, fecha_respuesta, id_rechazo, monto_reconocido, monto_solicitado) VALUES ('SIN-04', 'CT-0098', '2026-03-03', '2026-03-24', 'SI', 0.0, 4362.72);
INSERT INTO REGISTRO_SINIESTRO (nro_siniestro, nro_contrato, fecha_siniestro, fecha_respuesta, id_rechazo, monto_reconocido, monto_solicitado) VALUES ('SIN-01', 'CT-0003', '2024-09-23', '2024-10-17', 'NO', 2807.96, 2807.96);
INSERT INTO REGISTRO_SINIESTRO (nro_siniestro, nro_contrato, fecha_siniestro, fecha_respuesta, id_rechazo, monto_reconocido, monto_solicitado) VALUES ('SIN-04', 'CT-0058', '2025-08-25', '2025-09-07', 'SI', 0.0, 4500.49);
INSERT INTO REGISTRO_SINIESTRO (nro_siniestro, nro_contrato, fecha_siniestro, fecha_respuesta, id_rechazo, monto_reconocido, monto_solicitado) VALUES ('SIN-01', 'CT-0101', '2025-02-09', '2025-03-08', 'SI', 0.0, 4392.23);
INSERT INTO REGISTRO_SINIESTRO (nro_siniestro, nro_contrato, fecha_siniestro, fecha_respuesta, id_rechazo, monto_reconocido, monto_solicitado) VALUES ('SIN-01', 'CT-0068', '2026-10-25', '2026-10-30', 'NO', 2654.67, 2654.67);
INSERT INTO REGISTRO_SINIESTRO (nro_siniestro, nro_contrato, fecha_siniestro, fecha_respuesta, id_rechazo, monto_reconocido, monto_solicitado) VALUES ('SIN-05', 'CT-0139', '2024-03-11', '2024-03-21', 'SI', 0.0, 2635.22);
INSERT INTO REGISTRO_SINIESTRO (nro_siniestro, nro_contrato, fecha_siniestro, fecha_respuesta, id_rechazo, monto_reconocido, monto_solicitado) VALUES ('SIN-03', 'CT-0019', '2024-08-22', '2024-08-31', 'SI', 0.0, 4602.97);
INSERT INTO REGISTRO_SINIESTRO (nro_siniestro, nro_contrato, fecha_siniestro, fecha_respuesta, id_rechazo, monto_reconocido, monto_solicitado) VALUES ('SIN-03', 'CT-0033', '2024-06-12', '2024-06-25', 'NO', 3679.5, 3679.5);
INSERT INTO REGISTRO_SINIESTRO (nro_siniestro, nro_contrato, fecha_siniestro, fecha_respuesta, id_rechazo, monto_reconocido, monto_solicitado) VALUES ('SIN-03', 'CT-0014', '2025-07-29', '2025-08-15', 'NO', 2150.33, 2150.33);
INSERT INTO REGISTRO_SINIESTRO (nro_siniestro, nro_contrato, fecha_siniestro, fecha_respuesta, id_rechazo, monto_reconocido, monto_solicitado) VALUES ('SIN-01', 'CT-0105', '2025-01-05', '2025-02-01', 'NO', 412.78, 412.78);
INSERT INTO REGISTRO_SINIESTRO (nro_siniestro, nro_contrato, fecha_siniestro, fecha_respuesta, id_rechazo, monto_reconocido, monto_solicitado) VALUES ('SIN-05', 'CT-0083', '2024-08-02', '2024-08-04', 'SI', 0.0, 3125.98);
INSERT INTO REGISTRO_SINIESTRO (nro_siniestro, nro_contrato, fecha_siniestro, fecha_respuesta, id_rechazo, monto_reconocido, monto_solicitado) VALUES ('SIN-05', 'CT-0009', '2024-06-10', '2024-06-26', 'NO', 279.08, 279.08);
INSERT INTO REGISTRO_SINIESTRO (nro_siniestro, nro_contrato, fecha_siniestro, fecha_respuesta, id_rechazo, monto_reconocido, monto_solicitado) VALUES ('SIN-01', 'CT-0113', '2024-12-16', '2025-01-02', 'SI', 0.0, 4220.78);
INSERT INTO REGISTRO_SINIESTRO (nro_siniestro, nro_contrato, fecha_siniestro, fecha_respuesta, id_rechazo, monto_reconocido, monto_solicitado) VALUES ('SIN-05', 'CT-0088', '2024-12-16', '2024-12-30', 'SI', 0.0, 3662.21);
INSERT INTO REGISTRO_SINIESTRO (nro_siniestro, nro_contrato, fecha_siniestro, fecha_respuesta, id_rechazo, monto_reconocido, monto_solicitado) VALUES ('SIN-01', 'CT-0092', '2025-02-04', '2025-03-02', 'SI', 0.0, 1838.99);
INSERT INTO REGISTRO_SINIESTRO (nro_siniestro, nro_contrato, fecha_siniestro, fecha_respuesta, id_rechazo, monto_reconocido, monto_solicitado) VALUES ('SIN-04', 'CT-0040', '2026-10-25', '2026-11-04', 'SI', 0.0, 1853.28);
INSERT INTO REGISTRO_SINIESTRO (nro_siniestro, nro_contrato, fecha_siniestro, fecha_respuesta, id_rechazo, monto_reconocido, monto_solicitado) VALUES ('SIN-03', 'CT-0087', '2025-05-03', '2025-05-08', 'SI', 0.0, 1866.34);
INSERT INTO REGISTRO_SINIESTRO (nro_siniestro, nro_contrato, fecha_siniestro, fecha_respuesta, id_rechazo, monto_reconocido, monto_solicitado) VALUES ('SIN-05', 'CT-0091', '2024-05-31', '2024-06-16', 'SI', 0.0, 3063.27);
INSERT INTO REGISTRO_SINIESTRO (nro_siniestro, nro_contrato, fecha_siniestro, fecha_respuesta, id_rechazo, monto_reconocido, monto_solicitado) VALUES ('SIN-05', 'CT-0111', '2024-11-19', '2024-12-02', 'NO', 661.35, 661.35);
INSERT INTO REGISTRO_SINIESTRO (nro_siniestro, nro_contrato, fecha_siniestro, fecha_respuesta, id_rechazo, monto_reconocido, monto_solicitado) VALUES ('SIN-01', 'CT-0121', '2025-12-31', '2026-01-03', 'SI', 0.0, 593.11);
INSERT INTO REGISTRO_SINIESTRO (nro_siniestro, nro_contrato, fecha_siniestro, fecha_respuesta, id_rechazo, monto_reconocido, monto_solicitado) VALUES ('SIN-05', 'CT-0059', '2024-10-27', '2024-11-12', 'NO', 704.91, 704.91);
INSERT INTO REGISTRO_SINIESTRO (nro_siniestro, nro_contrato, fecha_siniestro, fecha_respuesta, id_rechazo, monto_reconocido, monto_solicitado) VALUES ('SIN-04', 'CT-0048', '2025-03-24', '2025-04-04', 'NO', 4610.54, 4610.54);
INSERT INTO REGISTRO_SINIESTRO (nro_siniestro, nro_contrato, fecha_siniestro, fecha_respuesta, id_rechazo, monto_reconocido, monto_solicitado) VALUES ('SIN-04', 'CT-0061', '2026-10-22', '2026-11-14', 'SI', 0.0, 3681.0);
INSERT INTO REGISTRO_SINIESTRO (nro_siniestro, nro_contrato, fecha_siniestro, fecha_respuesta, id_rechazo, monto_reconocido, monto_solicitado) VALUES ('SIN-04', 'CT-0137', '2025-05-07', '2025-05-14', 'NO', 1215.94, 1215.94);
INSERT INTO REGISTRO_SINIESTRO (nro_siniestro, nro_contrato, fecha_siniestro, fecha_respuesta, id_rechazo, monto_reconocido, monto_solicitado) VALUES ('SIN-04', 'CT-0126', '2024-12-01', '2024-12-25', 'SI', 0.0, 2730.81);
INSERT INTO REGISTRO_SINIESTRO (nro_siniestro, nro_contrato, fecha_siniestro, fecha_respuesta, id_rechazo, monto_reconocido, monto_solicitado) VALUES ('SIN-03', 'CT-0084', '2025-10-15', '2025-11-13', 'NO', 371.48, 371.48);
INSERT INTO REGISTRO_SINIESTRO (nro_siniestro, nro_contrato, fecha_siniestro, fecha_respuesta, id_rechazo, monto_reconocido, monto_solicitado) VALUES ('SIN-04', 'CT-0146', '2025-06-28', '2025-07-07', 'SI', 0.0, 4118.13);
INSERT INTO REGISTRO_SINIESTRO (nro_siniestro, nro_contrato, fecha_siniestro, fecha_respuesta, id_rechazo, monto_reconocido, monto_solicitado) VALUES ('SIN-03', 'CT-0100', '2025-10-12', '2025-10-27', 'NO', 4636.3, 4636.3);
INSERT INTO REGISTRO_SINIESTRO (nro_siniestro, nro_contrato, fecha_siniestro, fecha_respuesta, id_rechazo, monto_reconocido, monto_solicitado) VALUES ('SIN-02', 'CT-0135', '2023-11-08', '2023-12-01', 'NO', 1358.3, 1358.3);

-- 13. METAS
INSERT INTO METAS (cod_meta, annio, cod_producto, meta_asegurados, meta_renovacion, meta_ingreso, fecha_inicio, fecha_fin) VALUES (1, 2019, 'P01', 39, 13, 77730.06, '2019-01-01', '2019-12-31');
INSERT INTO METAS (cod_meta, annio, cod_producto, meta_asegurados, meta_renovacion, meta_ingreso, fecha_inicio, fecha_fin) VALUES (2, 2019, 'P02', 40, 20, 31076.69, '2019-01-01', '2019-12-31');
INSERT INTO METAS (cod_meta, annio, cod_producto, meta_asegurados, meta_renovacion, meta_ingreso, fecha_inicio, fecha_fin) VALUES (3, 2019, 'P03', 23, 10, 70567.82, '2019-01-01', '2019-12-31');
INSERT INTO METAS (cod_meta, annio, cod_producto, meta_asegurados, meta_renovacion, meta_ingreso, fecha_inicio, fecha_fin) VALUES (4, 2019, 'P04', 34, 10, 53464.37, '2019-01-01', '2019-12-31');
INSERT INTO METAS (cod_meta, annio, cod_producto, meta_asegurados, meta_renovacion, meta_ingreso, fecha_inicio, fecha_fin) VALUES (5, 2020, 'P01', 34, 18, 31595.11, '2020-01-01', '2020-12-31');
INSERT INTO METAS (cod_meta, annio, cod_producto, meta_asegurados, meta_renovacion, meta_ingreso, fecha_inicio, fecha_fin) VALUES (6, 2020, 'P02', 29, 15, 40977.63, '2020-01-01', '2020-12-31');
INSERT INTO METAS (cod_meta, annio, cod_producto, meta_asegurados, meta_renovacion, meta_ingreso, fecha_inicio, fecha_fin) VALUES (7, 2020, 'P03', 38, 13, 38247.29, '2020-01-01', '2020-12-31');
INSERT INTO METAS (cod_meta, annio, cod_producto, meta_asegurados, meta_renovacion, meta_ingreso, fecha_inicio, fecha_fin) VALUES (8, 2020, 'P04', 15, 15, 46233.32, '2020-01-01', '2020-12-31');
INSERT INTO METAS (cod_meta, annio, cod_producto, meta_asegurados, meta_renovacion, meta_ingreso, fecha_inicio, fecha_fin) VALUES (9, 2021, 'P01', 33, 16, 54368.94, '2021-01-01', '2021-12-31');
INSERT INTO METAS (cod_meta, annio, cod_producto, meta_asegurados, meta_renovacion, meta_ingreso, fecha_inicio, fecha_fin) VALUES (10, 2021, 'P02', 39, 9, 44429.65, '2021-01-01', '2021-12-31');
INSERT INTO METAS (cod_meta, annio, cod_producto, meta_asegurados, meta_renovacion, meta_ingreso, fecha_inicio, fecha_fin) VALUES (11, 2021, 'P03', 21, 15, 44587.51, '2021-01-01', '2021-12-31');
INSERT INTO METAS (cod_meta, annio, cod_producto, meta_asegurados, meta_renovacion, meta_ingreso, fecha_inicio, fecha_fin) VALUES (12, 2021, 'P04', 17, 20, 67061.49, '2021-01-01', '2021-12-31');
INSERT INTO METAS (cod_meta, annio, cod_producto, meta_asegurados, meta_renovacion, meta_ingreso, fecha_inicio, fecha_fin) VALUES (13, 2022, 'P01', 36, 13, 41827.85, '2022-01-01', '2022-12-31');
INSERT INTO METAS (cod_meta, annio, cod_producto, meta_asegurados, meta_renovacion, meta_ingreso, fecha_inicio, fecha_fin) VALUES (14, 2022, 'P02', 15, 12, 43233.22, '2022-01-01', '2022-12-31');
INSERT INTO METAS (cod_meta, annio, cod_producto, meta_asegurados, meta_renovacion, meta_ingreso, fecha_inicio, fecha_fin) VALUES (15, 2022, 'P03', 17, 20, 34526.48, '2022-01-01', '2022-12-31');
INSERT INTO METAS (cod_meta, annio, cod_producto, meta_asegurados, meta_renovacion, meta_ingreso, fecha_inicio, fecha_fin) VALUES (16, 2022, 'P04', 33, 9, 68211.82, '2022-01-01', '2022-12-31');
INSERT INTO METAS (cod_meta, annio, cod_producto, meta_asegurados, meta_renovacion, meta_ingreso, fecha_inicio, fecha_fin) VALUES (17, 2023, 'P01', 24, 9, 62324.97, '2023-01-01', '2023-12-31');
INSERT INTO METAS (cod_meta, annio, cod_producto, meta_asegurados, meta_renovacion, meta_ingreso, fecha_inicio, fecha_fin) VALUES (18, 2023, 'P02', 27, 14, 54310.34, '2023-01-01', '2023-12-31');
INSERT INTO METAS (cod_meta, annio, cod_producto, meta_asegurados, meta_renovacion, meta_ingreso, fecha_inicio, fecha_fin) VALUES (19, 2023, 'P03', 17, 14, 71056.42, '2023-01-01', '2023-12-31');
INSERT INTO METAS (cod_meta, annio, cod_producto, meta_asegurados, meta_renovacion, meta_ingreso, fecha_inicio, fecha_fin) VALUES (20, 2023, 'P04', 17, 9, 77289.03, '2023-01-01', '2023-12-31');
INSERT INTO METAS (cod_meta, annio, cod_producto, meta_asegurados, meta_renovacion, meta_ingreso, fecha_inicio, fecha_fin) VALUES (21, 2024, 'P01', 26, 10, 36294.11, '2024-01-01', '2024-12-31');
INSERT INTO METAS (cod_meta, annio, cod_producto, meta_asegurados, meta_renovacion, meta_ingreso, fecha_inicio, fecha_fin) VALUES (22, 2024, 'P02', 27, 15, 70220.55, '2024-01-01', '2024-12-31');
INSERT INTO METAS (cod_meta, annio, cod_producto, meta_asegurados, meta_renovacion, meta_ingreso, fecha_inicio, fecha_fin) VALUES (23, 2024, 'P03', 16, 9, 48782.11, '2024-01-01', '2024-12-31');
INSERT INTO METAS (cod_meta, annio, cod_producto, meta_asegurados, meta_renovacion, meta_ingreso, fecha_inicio, fecha_fin) VALUES (24, 2024, 'P04', 16, 14, 74594.06, '2024-01-01', '2024-12-31');
INSERT INTO METAS (cod_meta, annio, cod_producto, meta_asegurados, meta_renovacion, meta_ingreso, fecha_inicio, fecha_fin) VALUES (25, 2025, 'P01', 29, 16, 55199.4, '2025-01-01', '2025-12-31');
INSERT INTO METAS (cod_meta, annio, cod_producto, meta_asegurados, meta_renovacion, meta_ingreso, fecha_inicio, fecha_fin) VALUES (26, 2025, 'P02', 33, 11, 63206.9, '2025-01-01', '2025-12-31');
INSERT INTO METAS (cod_meta, annio, cod_producto, meta_asegurados, meta_renovacion, meta_ingreso, fecha_inicio, fecha_fin) VALUES (27, 2025, 'P03', 17, 11, 70774.04, '2025-01-01', '2025-12-31');
INSERT INTO METAS (cod_meta, annio, cod_producto, meta_asegurados, meta_renovacion, meta_ingreso, fecha_inicio, fecha_fin) VALUES (28, 2025, 'P04', 21, 19, 35715.07, '2025-01-01', '2025-12-31');
INSERT INTO METAS (cod_meta, annio, cod_producto, meta_asegurados, meta_renovacion, meta_ingreso, fecha_inicio, fecha_fin) VALUES (29, 2026, 'P01', 23, 10, 62002.99, '2026-01-01', '2026-12-31');
INSERT INTO METAS (cod_meta, annio, cod_producto, meta_asegurados, meta_renovacion, meta_ingreso, fecha_inicio, fecha_fin) VALUES (30, 2026, 'P02', 31, 19, 62923.3, '2026-01-01', '2026-12-31');
INSERT INTO METAS (cod_meta, annio, cod_producto, meta_asegurados, meta_renovacion, meta_ingreso, fecha_inicio, fecha_fin) VALUES (31, 2026, 'P03', 19, 9, 60741.08, '2026-01-01', '2026-12-31');
INSERT INTO METAS (cod_meta, annio, cod_producto, meta_asegurados, meta_renovacion, meta_ingreso, fecha_inicio, fecha_fin) VALUES (32, 2026, 'P04', 23, 14, 69638.38, '2026-01-01', '2026-12-31');
